id,"type_ids/id","name"
human_name_term_1,,"James"
human_name_term_10,,"Phelps"
human_name_term_100,,"Rafa"
human_name_term_101,,"Cabrera-Bello"
human_name_term_102,,"Albert"
human_name_term_103,,"Ramos-Viñolas"
human_name_term_104,,"Marchán"
human_name_term_105,,"Mónica"
human_name_term_106,,"Madeline"
human_name_term_107,,"DiRado"
human_name_term_108,,"Arianne"
human_name_term_109,,"Helen"
human_name_term_11,,"Simone"
human_name_term_110,,"Maroulis"
human_name_term_111,,"Jean-Charles"
human_name_term_112,,"Sakshi"
human_name_term_113,,"Malik"
human_name_term_114,,"Luis"
human_name_term_115,,"Luigi"
human_name_term_116,,"Sison"
human_name_term_117,,"Ordonez"
human_name_term_118,,"Ordoñez"
human_name_term_119,,"Maria"
human_name_term_12,,"Biles"
human_name_term_120,"human_name_term_type_uc,human_name_term_type_hc","Patient"
human_name_term_121,,"Mary"
human_name_term_122,"human_name_term_type_uc,human_name_term_type_hc","Doctor"
human_name_term_123,"human_name_term_type_uc,human_name_term_type_hc","Nurse"
human_name_term_124,"human_name_term_type_uc,human_name_term_type_hc","Therapist"
human_name_term_125,"human_name_term_type_uc,human_name_term_type_hc","Caregiver"
human_name_term_126,"human_name_term_type_i","A."
human_name_term_127,"human_name_term_type_i","B."
human_name_term_128,"human_name_term_type_i","C."
human_name_term_129,"human_name_term_type_i","D."
human_name_term_13,,"Bryony"
human_name_term_130,"human_name_term_type_i","E."
human_name_term_131,"human_name_term_type_i","F."
human_name_term_132,"human_name_term_type_i","G."
human_name_term_133,"human_name_term_type_i","H."
human_name_term_134,"human_name_term_type_i","I."
human_name_term_135,"human_name_term_type_i","J."
human_name_term_136,"human_name_term_type_i","K."
human_name_term_137,"human_name_term_type_i","L."
human_name_term_138,"human_name_term_type_i","M."
human_name_term_139,"human_name_term_type_i","N."
human_name_term_14,,"Page"
human_name_term_140,"human_name_term_type_i","O."
human_name_term_141,"human_name_term_type_i","P."
human_name_term_142,"human_name_term_type_i","Q."
human_name_term_143,"human_name_term_type_i","R."
human_name_term_144,"human_name_term_type_i","S."
human_name_term_145,"human_name_term_type_i","T."
human_name_term_146,"human_name_term_type_i","U."
human_name_term_147,"human_name_term_type_i","V."
human_name_term_148,"human_name_term_type_i","W."
human_name_term_149,"human_name_term_type_i","X."
human_name_term_15,,"Monica"
human_name_term_150,"human_name_term_type_i","Y."
human_name_term_151,"human_name_term_type_i","Z."
human_name_term_152,,"Klein"
human_name_term_153,,"Joan"
human_name_term_154,"human_name_term_type_uc,human_name_term_type_hc","Primary"
human_name_term_155,"human_name_term_type_uc,human_name_term_type_hc","Admitting"
human_name_term_156,"human_name_term_type_uc,human_name_term_type_hc","Supporting"
human_name_term_157,"human_name_term_type_abbr","Ma."
human_name_term_16,,"Puig"
human_name_term_17,,"Nico"
human_name_term_18,,"Hernández"
human_name_term_19,,"Molly"
human_name_term_2,,"John"
human_name_term_20,,"Huddle"
human_name_term_21,,"Amini"
human_name_term_22,,"Fonua"
human_name_term_23,,"Carlos"
human_name_term_25,,"Lia"
human_name_term_26,,"Neal"
human_name_term_27,,"Brady"
human_name_term_28,,"Ellison"
human_name_term_29,,"Petra"
human_name_term_3,,"Jane"
human_name_term_30,,"Kvitová"
human_name_term_31,,"Jordan"
human_name_term_32,,"Brianne"
human_name_term_33,,"Theisen-Eaton"
human_name_term_34,,"Valladont"
human_name_term_35,,"Dong"
human_name_term_36,,"Ku"
human_name_term_37,,"Bon-chan"
human_name_term_38,,"van den Berg"
human_name_term_39,,"Sjef"
human_name_term_4,,"Carole"
human_name_term_40,,"Riau"
human_name_term_41,,"Ega Agatha"
human_name_term_42,,"Muhammad"
human_name_term_43,,"Hanif Wijaya"
human_name_term_44,,"van der Ven"
human_name_term_45,,"Rick"
human_name_term_46,,"Bo-bae"
human_name_term_47,,"Ki"
human_name_term_48,,"Maya"
human_name_term_49,,"Dirado"
human_name_term_5,,"King"
human_name_term_50,,"Joseph"
human_name_term_51,,"Schooling"
human_name_term_52,,"Katie"
human_name_term_53,,"Ledecky"
human_name_term_54,,"Athina"
human_name_term_55,,"Onassis"
human_name_term_56,,"de Miranda"
human_name_term_57,,"Neto"
human_name_term_58,,"Álvaro"
human_name_term_59,,"Anthony"
human_name_term_6,,"Taylor"
human_name_term_60,,"Erwin"
human_name_term_61,,"Roussel"
human_name_term_62,,"Nchekwube"
human_name_term_63,,"Obinna"
human_name_term_64,,"Ya-tin"
human_name_term_65,,"Tan"
human_name_term_66,,"Tzu-ying"
human_name_term_67,,"Tai"
human_name_term_68,,"Yung-jan"
human_name_term_69,,"Chan"
human_name_term_7,,"Janice"
human_name_term_70,,"Tzu-chi"
human_name_term_71,,"Lin"
human_name_term_72,,"Almaz"
human_name_term_73,,"Ayana"
human_name_term_74,,"Manuel"
human_name_term_75,,"Ashley"
human_name_term_76,,"Kerri"
human_name_term_77,,"Lee"
human_name_term_78,,"Walsh"
human_name_term_79,,"Jennings"
human_name_term_8,,"Joplin"
human_name_term_80,,"Islam"
human_name_term_81,,"El Shehaby"
human_name_term_82,,"Jesús"
human_name_term_83,,"Ángel"
human_name_term_84,,"García"
human_name_term_85,,"Bragado"
human_name_term_86,,"Carla"
human_name_term_87,,"Suárez"
human_name_term_88,,"Navarro"
human_name_term_89,,"Juan"
human_name_term_9,,"Michael"
human_name_term_90,,"Feijoo"
human_name_term_91,,"Melania"
human_name_term_92,,"Felicitas"
human_name_term_93,,"Costa"
human_name_term_94,,"Schmid"
human_name_term_95,,"José"
human_name_term_96,,"Antonio"
human_name_term_97,,"Hermida"
human_name_term_98,,"Ramos"
human_name_term_99,,"Rafael"
human_name_term_158,,"Isabella"
human_name_term_159,,"Jones"
human_name_term_160,,"Henry"
human_name_term_161,,"Seven"
human_name_term_162,,"Martha"
human_name_term_163,,"Frank"
human_name_term_164,,"Adam"
human_name_term_165,,"Everyman"
human_name_term_166,,"Christine"
human_name_term_167,,"Cure"


