id,code,name,definition,level,contains_id/id,value_set_ids/id,country_ids/id,source_id/id,system
race_1,1002-5,"American Indian or Alaska Native",,,,race_value_set_1,base.us,base.hl7v3,http://hl7.org/fhir/v3/Race
race_2,1004-1,"American Indian",,,race_1,race_value_set_1,base.us,base.hl7v3,http://hl7.org/fhir/v3/Race
race_3,1006-6,"Abenaki",,,race_2,race_value_set_1,base.us,base.hl7v3,http://hl7.org/fhir/v3/Race
race_4,1008-2,"Algonquian",,,race_2,race_value_set_1,base.us,base.hl7v3,http://hl7.org/fhir/v3/Race
race_5,1010-8,"Apache",,,race_2,race_value_set_1,base.us,base.hl7v3,http://hl7.org/fhir/v3/Race
race_6,1011-6,"Chiricahua",,,race_5,race_value_set_1,base.us,base.hl7v3,http://hl7.org/fhir/v3/Race
race_7,1012-4,"Fort Sill Apache",,,race_5,race_value_set_1,base.us,base.hl7v3,http://hl7.org/fhir/v3/Race
race_8,1013-2,"Jicarilla Apache",,,race_5,race_value_set_1,base.us,base.hl7v3,http://hl7.org/fhir/v3/Race
race_9,1014-0,"Lipan Apache",,,race_5,race_value_set_1,base.us,base.hl7v3,http://hl7.org/fhir/v3/Race
race_10,1015-7,"Mescalero Apache",,,race_5,race_value_set_1,base.us,base.hl7v3,http://hl7.org/fhir/v3/Race
race_11,1016-5,"Oklahoma Apache",,,race_5,race_value_set_1,base.us,base.hl7v3,http://hl7.org/fhir/v3/Race
race_12,1017-3,"Payson Apache",,,race_5,race_value_set_1,base.us,base.hl7v3,http://hl7.org/fhir/v3/Race
race_13,1018-1,"San Carlos Apache",,,race_5,race_value_set_1,base.us,base.hl7v3,http://hl7.org/fhir/v3/Race
race_14,1019-9,"White Mountain Apache",,,race_5,race_value_set_1,base.us,base.hl7v3,http://hl7.org/fhir/v3/Race
race_15,1021-5,"Arapaho",,,race_2,race_value_set_1,base.us,base.hl7v3,http://hl7.org/fhir/v3/Race
race_16,1022-3,"Northern Arapaho",,,race_15,race_value_set_1,base.us,base.hl7v3,http://hl7.org/fhir/v3/Race
race_17,1023-1,"Southern Arapaho",,,race_15,race_value_set_1,base.us,base.hl7v3,http://hl7.org/fhir/v3/Race
race_18,1024-9,"Wind River Arapaho",,,race_15,race_value_set_1,base.us,base.hl7v3,http://hl7.org/fhir/v3/Race
race_19,1026-4,"Arikara",,,race_2,race_value_set_1,base.us,base.hl7v3,http://hl7.org/fhir/v3/Race
race_20,1028-0,"Assiniboine",,,race_2,race_value_set_1,base.us,base.hl7v3,http://hl7.org/fhir/v3/Race
race_21,1030-6,"Assiniboine Sioux",,,race_2,race_value_set_1,base.us,base.hl7v3,http://hl7.org/fhir/v3/Race
race_22,1031-4,"Fort Peck Assiniboine Sioux",,,race_21,race_value_set_1,base.us,base.hl7v3,http://hl7.org/fhir/v3/Race
race_23,1033-0,"Bannock",,,race_2,race_value_set_1,base.us,base.hl7v3,http://hl7.org/fhir/v3/Race
race_24,1035-5,"Blackfeet",,,race_2,race_value_set_1,base.us,base.hl7v3,http://hl7.org/fhir/v3/Race
race_25,1037-1,"Brotherton",,,race_2,race_value_set_1,base.us,base.hl7v3,http://hl7.org/fhir/v3/Race
race_26,1039-7,"Burt Lake Band",,,race_2,race_value_set_1,base.us,base.hl7v3,http://hl7.org/fhir/v3/Race
race_27,1041-3,"Caddo",,,race_2,race_value_set_1,base.us,base.hl7v3,http://hl7.org/fhir/v3/Race
race_28,1042-1,"Oklahoma Cado",,,race_3,race_value_set_1,base.us,base.hl7v3,http://hl7.org/fhir/v3/Race
race_29,1044-7,"Cahuilla",,,race_2,race_value_set_1,base.us,base.hl7v3,http://hl7.org/fhir/v3/Race
race_30,1045-4,"Agua Caliente Cahuilla",,,race_29,race_value_set_1,base.us,base.hl7v3,http://hl7.org/fhir/v3/Race
race_31,1046-2,"Augustine",,,race_29,race_value_set_1,base.us,base.hl7v3,http://hl7.org/fhir/v3/Race
race_32,1047-0,"Cabazon",,,race_29,race_value_set_1,base.us,base.hl7v3,http://hl7.org/fhir/v3/Race
race_33,1048-8,"Los Coyotes",,,race_29,race_value_set_1,base.us,base.hl7v3,http://hl7.org/fhir/v3/Race
race_34,1049-6,"Morongo",,,race_29,race_value_set_1,base.us,base.hl7v3,http://hl7.org/fhir/v3/Race
race_35,1050-4,"Santa Rosa Cahuilla",,,race_29,race_value_set_1,base.us,base.hl7v3,http://hl7.org/fhir/v3/Race
race_36,1051-2,"Torres-Martinez",,,race_29,race_value_set_1,base.us,base.hl7v3,http://hl7.org/fhir/v3/Race
race_37,1053-8,"California Tribes",,,race_2,race_value_set_1,base.us,base.hl7v3,http://hl7.org/fhir/v3/Race
race_38,1054-6,"Cahto",,,race_37,race_value_set_1,base.us,base.hl7v3,http://hl7.org/fhir/v3/Race
race_39,1055-3,"Chimariko",,,race_37,race_value_set_1,base.us,base.hl7v3,http://hl7.org/fhir/v3/Race
race_40,1056-1,"Coast Miwok",,,race_37,race_value_set_1,base.us,base.hl7v3,http://hl7.org/fhir/v3/Race
race_41,1057-9,"Digger",,,race_37,race_value_set_1,base.us,base.hl7v3,http://hl7.org/fhir/v3/Race
race_42,1058-7,"Kawaiisu",,,race_37,race_value_set_1,base.us,base.hl7v3,http://hl7.org/fhir/v3/Race
race_43,1059-5,"Kern River",,,race_37,race_value_set_1,base.us,base.hl7v3,http://hl7.org/fhir/v3/Race
race_44,1060-3,"Mattole",,,race_37,race_value_set_1,base.us,base.hl7v3,http://hl7.org/fhir/v3/Race
race_45,1061-1,"Red Wood",,,race_37,race_value_set_1,base.us,base.hl7v3,http://hl7.org/fhir/v3/Race
race_46,1062-9,"Santa Rosa",,,race_37,race_value_set_1,base.us,base.hl7v3,http://hl7.org/fhir/v3/Race
race_47,1063-7,"Takelma",,,race_37,race_value_set_1,base.us,base.hl7v3,http://hl7.org/fhir/v3/Race
race_48,1064-5,"Wappo",,,race_37,race_value_set_1,base.us,base.hl7v3,http://hl7.org/fhir/v3/Race
race_49,1065-2,"Yana",,,race_37,race_value_set_1,base.us,base.hl7v3,http://hl7.org/fhir/v3/Race
race_50,1066-0,"Yuki",,,race_37,race_value_set_1,base.us,base.hl7v3,http://hl7.org/fhir/v3/Race
race_51,1068-6,"Canadian and Latin American Indian",,,race_2,race_value_set_1,base.us,base.hl7v3,http://hl7.org/fhir/v3/Race
race_52,1069-4,"Canadian Indian",,,race_51,race_value_set_1,base.us,base.hl7v3,http://hl7.org/fhir/v3/Race
race_53,1070-2,"Central American Indian",,,race_51,race_value_set_1,base.us,base.hl7v3,http://hl7.org/fhir/v3/Race
race_54,1071-0,"French American Indian",,,race_51,race_value_set_1,base.us,base.hl7v3,http://hl7.org/fhir/v3/Race
race_55,1072-8,"Mexican American Indian",,,race_51,race_value_set_1,base.us,base.hl7v3,http://hl7.org/fhir/v3/Race
race_56,1073-6,"South American Indian",,,race_51,race_value_set_1,base.us,base.hl7v3,http://hl7.org/fhir/v3/Race
race_57,1074-4,"Spanish American Indian",,,race_2,race_value_set_1,base.us,base.hl7v3,http://hl7.org/fhir/v3/Race
race_58,1076-9,"Catawba",,,race_2,race_value_set_1,base.us,base.hl7v3,http://hl7.org/fhir/v3/Race
race_59,1741-8,"Alatna",,,race_58,race_value_set_1,base.us,base.hl7v3,http://hl7.org/fhir/v3/Race
race_60,1742-6,"Alexander",,,race_58,race_value_set_1,base.us,base.hl7v3,http://hl7.org/fhir/v3/Race
race_61,1743-4,"Allakaket",,,race_58,race_value_set_1,base.us,base.hl7v3,http://hl7.org/fhir/v3/Race
race_62,1744-2,"Alanvik",,,race_58,race_value_set_1,base.us,base.hl7v3,http://hl7.org/fhir/v3/Race
race_63,1745-9,"Anvik",,,race_58,race_value_set_1,base.us,base.hl7v3,http://hl7.org/fhir/v3/Race
race_64,1746-7,"Arctic",,,race_58,race_value_set_1,base.us,base.hl7v3,http://hl7.org/fhir/v3/Race
race_65,1747-5,"Beaver",,,race_58,race_value_set_1,base.us,base.hl7v3,http://hl7.org/fhir/v3/Race
race_66,1748-3,"Birch Creek",,,race_58,race_value_set_1,base.us,base.hl7v3,http://hl7.org/fhir/v3/Race
race_67,1749-1,"Cantwell",,,race_58,race_value_set_1,base.us,base.hl7v3,http://hl7.org/fhir/v3/Race
race_68,1750-9,"Chalkyitsik",,,race_58,race_value_set_1,base.us,base.hl7v3,http://hl7.org/fhir/v3/Race
race_69,1751-7,"Chickaloon",,,race_58,race_value_set_1,base.us,base.hl7v3,http://hl7.org/fhir/v3/Race
race_70,1752-5,"Chistochina",,,race_58,race_value_set_1,base.us,base.hl7v3,http://hl7.org/fhir/v3/Race
race_71,1753-3,"Chitina",,,race_58,race_value_set_1,base.us,base.hl7v3,http://hl7.org/fhir/v3/Race
race_72,1754-1,"Circle",,,race_58,race_value_set_1,base.us,base.hl7v3,http://hl7.org/fhir/v3/Race
race_73,1755-8,"Cook Inlet",,,race_58,race_value_set_1,base.us,base.hl7v3,http://hl7.org/fhir/v3/Race
race_74,1756-6,"Copper Center",,,race_58,race_value_set_1,base.us,base.hl7v3,http://hl7.org/fhir/v3/Race
race_75,1757-4,"Copper River",,,race_58,race_value_set_1,base.us,base.hl7v3,http://hl7.org/fhir/v3/Race
race_76,1758-2,"Dot Lake",,,race_58,race_value_set_1,base.us,base.hl7v3,http://hl7.org/fhir/v3/Race
race_77,1759-0,"Doyon",,,race_58,race_value_set_1,base.us,base.hl7v3,http://hl7.org/fhir/v3/Race
race_78,1760-8,"Eagle",,,race_58,race_value_set_1,base.us,base.hl7v3,http://hl7.org/fhir/v3/Race
race_79,1761-6,"Eklutna",,,race_58,race_value_set_1,base.us,base.hl7v3,http://hl7.org/fhir/v3/Race
race_80,1762-4,"Evansville",,,race_58,race_value_set_1,base.us,base.hl7v3,http://hl7.org/fhir/v3/Race
race_81,1763-2,"Fort Yukon",,,race_58,race_value_set_1,base.us,base.hl7v3,http://hl7.org/fhir/v3/Race
race_82,1764-0,"Gakona",,,race_58,race_value_set_1,base.us,base.hl7v3,http://hl7.org/fhir/v3/Race
race_83,1765-7,"Galena",,,race_58,race_value_set_1,base.us,base.hl7v3,http://hl7.org/fhir/v3/Race
race_84,1766-5,"Grayling",,,race_58,race_value_set_1,base.us,base.hl7v3,http://hl7.org/fhir/v3/Race
race_85,1767-3,"Gulkana",,,race_58,race_value_set_1,base.us,base.hl7v3,http://hl7.org/fhir/v3/Race
race_86,1768-1,"Healy Lake",,,race_58,race_value_set_1,base.us,base.hl7v3,http://hl7.org/fhir/v3/Race
race_87,1769-9,"Holy Cross",,,race_58,race_value_set_1,base.us,base.hl7v3,http://hl7.org/fhir/v3/Race
race_88,1770-7,"Hughes",,,race_58,race_value_set_1,base.us,base.hl7v3,http://hl7.org/fhir/v3/Race
race_89,1771-5,"Huslia",,,race_58,race_value_set_1,base.us,base.hl7v3,http://hl7.org/fhir/v3/Race
race_90,1772-3,"Iliamna",,,race_58,race_value_set_1,base.us,base.hl7v3,http://hl7.org/fhir/v3/Race
race_91,1773-1,"Kaltag",,,race_58,race_value_set_1,base.us,base.hl7v3,http://hl7.org/fhir/v3/Race
race_92,1774-9,"Kluti Kaah",,,race_58,race_value_set_1,base.us,base.hl7v3,http://hl7.org/fhir/v3/Race
race_93,1775-6,"Knik",,,race_58,race_value_set_1,base.us,base.hl7v3,http://hl7.org/fhir/v3/Race
race_94,1776-4,"Koyukuk",,,race_58,race_value_set_1,base.us,base.hl7v3,http://hl7.org/fhir/v3/Race
race_95,1777-2,"Lake Minchumina",,,race_58,race_value_set_1,base.us,base.hl7v3,http://hl7.org/fhir/v3/Race
race_96,1778-0,"Lime",,,race_58,race_value_set_1,base.us,base.hl7v3,http://hl7.org/fhir/v3/Race
race_97,1779-8,"Mcgrath",,,race_58,race_value_set_1,base.us,base.hl7v3,http://hl7.org/fhir/v3/Race
race_98,1780-6,"Manley Hot Springs",,,race_58,race_value_set_1,base.us,base.hl7v3,http://hl7.org/fhir/v3/Race
race_99,1781-4,"Mentasta Lake",,,race_58,race_value_set_1,base.us,base.hl7v3,http://hl7.org/fhir/v3/Race
race_100,1782-2,"Minto",,,race_58,race_value_set_1,base.us,base.hl7v3,http://hl7.org/fhir/v3/Race
race_101,1783-0,"Nenana",,,race_58,race_value_set_1,base.us,base.hl7v3,http://hl7.org/fhir/v3/Race
race_102,1784-8,"Nikolai",,,race_58,race_value_set_1,base.us,base.hl7v3,http://hl7.org/fhir/v3/Race
race_103,1785-5,"Ninilchik",,,race_58,race_value_set_1,base.us,base.hl7v3,http://hl7.org/fhir/v3/Race
race_104,1786-3,"Nondalton",,,race_58,race_value_set_1,base.us,base.hl7v3,http://hl7.org/fhir/v3/Race
race_105,1787-1,"Northway",,,race_58,race_value_set_1,base.us,base.hl7v3,http://hl7.org/fhir/v3/Race
race_106,1788-9,"Nulato",,,race_58,race_value_set_1,base.us,base.hl7v3,http://hl7.org/fhir/v3/Race
race_107,1789-7,"Pedro Bay",,,race_58,race_value_set_1,base.us,base.hl7v3,http://hl7.org/fhir/v3/Race
race_108,1790-5,"Rampart",,,race_58,race_value_set_1,base.us,base.hl7v3,http://hl7.org/fhir/v3/Race
race_109,1791-3,"Ruby",,,race_58,race_value_set_1,base.us,base.hl7v3,http://hl7.org/fhir/v3/Race
race_110,1792-1,"Salamatof",,,race_58,race_value_set_1,base.us,base.hl7v3,http://hl7.org/fhir/v3/Race
race_111,1793-9,"Seldovia",,,race_58,race_value_set_1,base.us,base.hl7v3,http://hl7.org/fhir/v3/Race
race_112,1794-7,"Slana",,,race_58,race_value_set_1,base.us,base.hl7v3,http://hl7.org/fhir/v3/Race
race_113,1795-4,"Shageluk",,,race_58,race_value_set_1,base.us,base.hl7v3,http://hl7.org/fhir/v3/Race
race_114,1796-2,"Stevens",,,race_58,race_value_set_1,base.us,base.hl7v3,http://hl7.org/fhir/v3/Race
race_115,1797-0,"Stony River",,,race_58,race_value_set_1,base.us,base.hl7v3,http://hl7.org/fhir/v3/Race
race_116,1798-8,"Takotna",,,race_58,race_value_set_1,base.us,base.hl7v3,http://hl7.org/fhir/v3/Race
race_117,1799-6,"Tanacross",,,race_58,race_value_set_1,base.us,base.hl7v3,http://hl7.org/fhir/v3/Race
race_118,1800-2,"Tanaina",,,race_58,race_value_set_1,base.us,base.hl7v3,http://hl7.org/fhir/v3/Race
race_119,1801-0,"Tanana",,,race_58,race_value_set_1,base.us,base.hl7v3,http://hl7.org/fhir/v3/Race
race_120,1802-8,"Tanana Chiefs",,,race_58,race_value_set_1,base.us,base.hl7v3,http://hl7.org/fhir/v3/Race
race_121,1803-6,"Tazlina",,,race_58,race_value_set_1,base.us,base.hl7v3,http://hl7.org/fhir/v3/Race
race_122,1804-4,"Telida",,,race_58,race_value_set_1,base.us,base.hl7v3,http://hl7.org/fhir/v3/Race
race_123,1805-1,"Tetlin",,,race_58,race_value_set_1,base.us,base.hl7v3,http://hl7.org/fhir/v3/Race
race_124,1806-9,"Tok",,,race_58,race_value_set_1,base.us,base.hl7v3,http://hl7.org/fhir/v3/Race
race_125,1807-7,"Tyonek",,,race_58,race_value_set_1,base.us,base.hl7v3,http://hl7.org/fhir/v3/Race
race_126,1808-5,"Venetie",,,race_58,race_value_set_1,base.us,base.hl7v3,http://hl7.org/fhir/v3/Race
race_127,1809-3,"Wiseman",,,race_58,race_value_set_1,base.us,base.hl7v3,http://hl7.org/fhir/v3/Race
race_128,1078-5,"Cayuse",,,race_2,race_value_set_1,base.us,base.hl7v3,http://hl7.org/fhir/v3/Race
race_129,1080-1,"Chehalis",,,race_2,race_value_set_1,base.us,base.hl7v3,http://hl7.org/fhir/v3/Race
race_130,1082-7,"Chemakuan",,,race_2,race_value_set_1,base.us,base.hl7v3,http://hl7.org/fhir/v3/Race
race_131,1083-5,"Hoh",,,race_130,race_value_set_1,base.us,base.hl7v3,http://hl7.org/fhir/v3/Race
race_132,1084-3,"Quileute",,,race_130,race_value_set_1,base.us,base.hl7v3,http://hl7.org/fhir/v3/Race
race_133,1086-8,"Chemehuevi",,,race_2,race_value_set_1,base.us,base.hl7v3,http://hl7.org/fhir/v3/Race
race_134,1088-4,"Cherokee",,,race_2,race_value_set_1,base.us,base.hl7v3,http://hl7.org/fhir/v3/Race
race_135,1089-2,"Cherokee Alabama",,,race_134,race_value_set_1,base.us,base.hl7v3,http://hl7.org/fhir/v3/Race
race_136,1090-0,"Cherokees of Northeast Alabama",,,race_134,race_value_set_1,base.us,base.hl7v3,http://hl7.org/fhir/v3/Race
race_137,1091-8,"Cherokees of Southeast Alabama",,,race_134,race_value_set_1,base.us,base.hl7v3,http://hl7.org/fhir/v3/Race
race_138,1092-6,"Eastern Cherokee",,,race_134,race_value_set_1,base.us,base.hl7v3,http://hl7.org/fhir/v3/Race
race_139,1093-4,"Echota Cherokee",,,race_134,race_value_set_1,base.us,base.hl7v3,http://hl7.org/fhir/v3/Race
race_140,1094-2,"Etowah Cherokee",,,race_134,race_value_set_1,base.us,base.hl7v3,http://hl7.org/fhir/v3/Race
race_141,1095-9,"Northern Cherokee",,,race_134,race_value_set_1,base.us,base.hl7v3,http://hl7.org/fhir/v3/Race
race_142,1096-7,"Tuscola",,,race_134,race_value_set_1,base.us,base.hl7v3,http://hl7.org/fhir/v3/Race
race_143,1097-5,"United Keetowah Band of Cherokee",,,race_134,race_value_set_1,base.us,base.hl7v3,http://hl7.org/fhir/v3/Race
race_144,1098-3,"Western Cherokee",,,race_134,race_value_set_1,base.us,base.hl7v3,http://hl7.org/fhir/v3/Race
race_145,1100-7,"Cherokee Shawnee",,,race_2,race_value_set_1,base.us,base.hl7v3,http://hl7.org/fhir/v3/Race
race_146,1102-3,"Cheyenne",,,race_2,race_value_set_1,base.us,base.hl7v3,http://hl7.org/fhir/v3/Race
race_147,1103-1,"Northern Cheyenne",,,race_146,race_value_set_1,base.us,base.hl7v3,http://hl7.org/fhir/v3/Race
race_148,1104-9,"Southern Cheyenne",,,race_146,race_value_set_1,base.us,base.hl7v3,http://hl7.org/fhir/v3/Race
race_149,1106-4,"Cheyenne-Arapaho",,,race_2,race_value_set_1,base.us,base.hl7v3,http://hl7.org/fhir/v3/Race
race_150,1108-0,"Chickahominy",,,race_2,race_value_set_1,base.us,base.hl7v3,http://hl7.org/fhir/v3/Race
race_151,1109-8,"Eastern Chickahominy",,,race_150,race_value_set_1,base.us,base.hl7v3,http://hl7.org/fhir/v3/Race
race_152,1110-6,"Western Chickahominy",,,race_150,race_value_set_1,base.us,base.hl7v3,http://hl7.org/fhir/v3/Race
race_153,1112-2,"Chickasaw",,,race_2,race_value_set_1,base.us,base.hl7v3,http://hl7.org/fhir/v3/Race
race_154,1114-8,"Chinook",,,race_2,race_value_set_1,base.us,base.hl7v3,http://hl7.org/fhir/v3/Race
race_155,1115-5,"Clatsop",,,race_154,race_value_set_1,base.us,base.hl7v3,http://hl7.org/fhir/v3/Race
race_156,1116-3,"Columbia River Chinook",,,race_150,race_value_set_1,base.us,base.hl7v3,http://hl7.org/fhir/v3/Race
race_157,1117-1,"Kathlamet",,,race_150,race_value_set_1,base.us,base.hl7v3,http://hl7.org/fhir/v3/Race
race_158,1118-9,"Upper Chinook",,,race_150,race_value_set_1,base.us,base.hl7v3,http://hl7.org/fhir/v3/Race
race_159,1119-7,"Wakiakum Chinook",,,race_150,race_value_set_1,base.us,base.hl7v3,http://hl7.org/fhir/v3/Race
race_160,1120-5,"Willapa Chinook",,,race_150,race_value_set_1,base.us,base.hl7v3,http://hl7.org/fhir/v3/Race
race_161,1121-3,"Wishram",,,race_150,race_value_set_1,base.us,base.hl7v3,http://hl7.org/fhir/v3/Race
race_162,1123-9,"Chippewa",,,race_2,race_value_set_1,base.us,base.hl7v3,http://hl7.org/fhir/v3/Race
race_163,1124-7,"Bad River",,,race_162,race_value_set_1,base.us,base.hl7v3,http://hl7.org/fhir/v3/Race
race_164,1125-4,"Bay Mills Chippewa",,,race_162,race_value_set_1,base.us,base.hl7v3,http://hl7.org/fhir/v3/Race
race_165,1126-2,"Bois Forte",,,race_162,race_value_set_1,base.us,base.hl7v3,http://hl7.org/fhir/v3/Race
race_166,1127-0,"Burt Lake Chippewa",,,race_162,race_value_set_1,base.us,base.hl7v3,http://hl7.org/fhir/v3/Race
race_167,1128-8,"Fond du Lac",,,race_162,race_value_set_1,base.us,base.hl7v3,http://hl7.org/fhir/v3/Race
race_168,1129-6,"Grand Portage",,,race_162,race_value_set_1,base.us,base.hl7v3,http://hl7.org/fhir/v3/Race
race_169,1130-4,"Grand Traverse Band of Ottawa-Chippewa",,,race_162,race_value_set_1,base.us,base.hl7v3,http://hl7.org/fhir/v3/Race
race_170,1131-2,"Keweenaw",,,race_162,race_value_set_1,base.us,base.hl7v3,http://hl7.org/fhir/v3/Race
race_171,1132-0,"Lac Courte Oreilles",,,race_162,race_value_set_1,base.us,base.hl7v3,http://hl7.org/fhir/v3/Race
race_172,1133-8,"Lac du Flambeau",,,race_162,race_value_set_1,base.us,base.hl7v3,http://hl7.org/fhir/v3/Race
race_173,1134-6,"Lac Vieux Desert Chippewa",,,race_162,race_value_set_1,base.us,base.hl7v3,http://hl7.org/fhir/v3/Race
race_174,1135-3,"Lake Superior",,,race_162,race_value_set_1,base.us,base.hl7v3,http://hl7.org/fhir/v3/Race
race_175,1136-1,"Leech Lake",,,race_162,race_value_set_1,base.us,base.hl7v3,http://hl7.org/fhir/v3/Race
race_176,1137-9,"Little Shell Chippewa",,,race_162,race_value_set_1,base.us,base.hl7v3,http://hl7.org/fhir/v3/Race
race_177,1138-7,"Mille Lacs",,,race_162,race_value_set_1,base.us,base.hl7v3,http://hl7.org/fhir/v3/Race
race_178,1139-5,"Minnesota Chippewa",,,race_162,race_value_set_1,base.us,base.hl7v3,http://hl7.org/fhir/v3/Race
race_179,1140-3,"Ontonagon",,,race_162,race_value_set_1,base.us,base.hl7v3,http://hl7.org/fhir/v3/Race
race_180,1141-1,"Red Cliff Chippewa",,,race_162,race_value_set_1,base.us,base.hl7v3,http://hl7.org/fhir/v3/Race
race_181,1142-9,"Red Lake Chippewa",,,race_162,race_value_set_1,base.us,base.hl7v3,http://hl7.org/fhir/v3/Race
race_182,1143-7,"Saginaw Chippewa",,,race_162,race_value_set_1,base.us,base.hl7v3,http://hl7.org/fhir/v3/Race
race_183,1144-5,"St. Croix Chippewa",,,race_162,race_value_set_1,base.us,base.hl7v3,http://hl7.org/fhir/v3/Race
race_184,1145-2,"Sault Ste. Marie Chippewa",,,race_162,race_value_set_1,base.us,base.hl7v3,http://hl7.org/fhir/v3/Race
race_185,1146-0,"Sokoagon Chippewa",,,race_162,race_value_set_1,base.us,base.hl7v3,http://hl7.org/fhir/v3/Race
race_186,1147-8,"Turtle Mountain",,,race_162,race_value_set_1,base.us,base.hl7v3,http://hl7.org/fhir/v3/Race
race_187,1148-6,"White Earth",,,race_162,race_value_set_1,base.us,base.hl7v3,http://hl7.org/fhir/v3/Race
race_188,1150-2,"Chippewa Cree",,,race_2,race_value_set_1,base.us,base.hl7v3,http://hl7.org/fhir/v3/Race
race_189,1151-0,"Rocky Boy's Chippewa Cree",,,race_188,race_value_set_1,base.us,base.hl7v3,http://hl7.org/fhir/v3/Race
race_190,1153-6,"Chitimacha",,,race_2,race_value_set_1,base.us,base.hl7v3,http://hl7.org/fhir/v3/Race
race_191,1155-1,"Choctaw",,,race_2,race_value_set_1,base.us,base.hl7v3,http://hl7.org/fhir/v3/Race
race_192,1156-9,"Clifton Choctaw",,,race_191,race_value_set_1,base.us,base.hl7v3,http://hl7.org/fhir/v3/Race
race_193,1157-7,"Jena Choctaw",,,race_191,race_value_set_1,base.us,base.hl7v3,http://hl7.org/fhir/v3/Race
race_194,1158-5,"Mississippi Choctaw",,,race_191,race_value_set_1,base.us,base.hl7v3,http://hl7.org/fhir/v3/Race
race_195,1159-3,"Mowa Band of Choctaw",,,race_191,race_value_set_1,base.us,base.hl7v3,http://hl7.org/fhir/v3/Race
race_196,1160-1,"Oklahoma Choctaw",,,race_191,race_value_set_1,base.us,base.hl7v3,http://hl7.org/fhir/v3/Race
race_197,1162-7,"Chumash",,,race_2,race_value_set_1,base.us,base.hl7v3,http://hl7.org/fhir/v3/Race
race_198,1163-5,"Santa Ynez",,,race_197,race_value_set_1,base.us,base.hl7v3,http://hl7.org/fhir/v3/Race
race_199,1165-0,"Clear Lake",,,race_2,race_value_set_1,base.us,base.hl7v3,http://hl7.org/fhir/v3/Race
race_200,1167-6,"Coeur D'Alene",,,race_2,race_value_set_1,base.us,base.hl7v3,http://hl7.org/fhir/v3/Race
race_201,1169-2,"Coharie",,,race_2,race_value_set_1,base.us,base.hl7v3,http://hl7.org/fhir/v3/Race
race_202,1171-8,"Colorado River",,,race_2,race_value_set_1,base.us,base.hl7v3,http://hl7.org/fhir/v3/Race
race_203,1173-4,"Colville",,,race_2,race_value_set_1,base.us,base.hl7v3,http://hl7.org/fhir/v3/Race
race_204,1175-9,"Comanche",,,race_2,race_value_set_1,base.us,base.hl7v3,http://hl7.org/fhir/v3/Race
race_205,1176-7,"Oklahoma Comanche",,,race_204,race_value_set_1,base.us,base.hl7v3,http://hl7.org/fhir/v3/Race
race_206,1178-3,"Coos, Lower Umpqua, Siuslaw",,,race_2,race_value_set_1,base.us,base.hl7v3,http://hl7.org/fhir/v3/Race
race_207,1180-9,"Coos",,,race_2,race_value_set_1,base.us,base.hl7v3,http://hl7.org/fhir/v3/Race
race_208,1182-5,"Coquilles",,,race_2,race_value_set_1,base.us,base.hl7v3,http://hl7.org/fhir/v3/Race
race_209,1184-1,"Costanoan",,,race_2,race_value_set_1,base.us,base.hl7v3,http://hl7.org/fhir/v3/Race
race_210,1186-6,"Coushatta",,,race_2,race_value_set_1,base.us,base.hl7v3,http://hl7.org/fhir/v3/Race
race_211,1187-4,"Alabama Coushatta",,,race_210,race_value_set_1,base.us,base.hl7v3,http://hl7.org/fhir/v3/Race
race_212,1189-0,"Cowlitz",,,race_2,race_value_set_1,base.us,base.hl7v3,http://hl7.org/fhir/v3/Race
race_213,1191-6,"Cree",,,race_2,race_value_set_1,base.us,base.hl7v3,http://hl7.org/fhir/v3/Race
race_214,1193-2,"Creek",,,race_2,race_value_set_1,base.us,base.hl7v3,http://hl7.org/fhir/v3/Race
race_215,1194-0,"Alabama Creek",,,race_214,race_value_set_1,base.us,base.hl7v3,http://hl7.org/fhir/v3/Race
race_216,1195-7,"Alabama Quassarte",,,race_214,race_value_set_1,base.us,base.hl7v3,http://hl7.org/fhir/v3/Race
race_217,1196-5,"Eastern Creek",,,race_214,race_value_set_1,base.us,base.hl7v3,http://hl7.org/fhir/v3/Race
race_218,1197-3,"Eastern Muscogee",,,race_214,race_value_set_1,base.us,base.hl7v3,http://hl7.org/fhir/v3/Race
race_219,1198-1,"Kialegee",,,race_214,race_value_set_1,base.us,base.hl7v3,http://hl7.org/fhir/v3/Race
race_220,1199-9,"Lower Muscogee",,,race_214,race_value_set_1,base.us,base.hl7v3,http://hl7.org/fhir/v3/Race
race_221,1200-5,"Machis Lower Creek Indian",,,race_214,race_value_set_1,base.us,base.hl7v3,http://hl7.org/fhir/v3/Race
race_222,1201-3,"Poarch Band",,,race_214,race_value_set_1,base.us,base.hl7v3,http://hl7.org/fhir/v3/Race
race_223,1202-1,"Principal Creek Indian Nation",,,race_214,race_value_set_1,base.us,base.hl7v3,http://hl7.org/fhir/v3/Race
race_224,1203-9,"Star Clan of Muscogee Creeks",,,race_214,race_value_set_1,base.us,base.hl7v3,http://hl7.org/fhir/v3/Race
race_225,1204-7,"Thlopthlocco",,,race_214,race_value_set_1,base.us,base.hl7v3,http://hl7.org/fhir/v3/Race
race_226,1205-4,"Tuckabachee",,,race_214,race_value_set_1,base.us,base.hl7v3,http://hl7.org/fhir/v3/Race
race_227,1207-0,"Croatan",,,race_2,race_value_set_1,base.us,base.hl7v3,http://hl7.org/fhir/v3/Race
race_228,1209-6,"Crow",,,race_2,race_value_set_1,base.us,base.hl7v3,http://hl7.org/fhir/v3/Race
race_229,1211-2,"Cupeno",,,race_2,race_value_set_1,base.us,base.hl7v3,http://hl7.org/fhir/v3/Race
race_230,1212-0,"Agua Caliente",,,race_229,race_value_set_1,base.us,base.hl7v3,http://hl7.org/fhir/v3/Race
race_231,1214-6,"Delaware",,,race_2,race_value_set_1,base.us,base.hl7v3,http://hl7.org/fhir/v3/Race
race_232,1215-3,"Eastern Delaware",,,race_231,race_value_set_1,base.us,base.hl7v3,http://hl7.org/fhir/v3/Race
race_233,1216-1,"Lenni-Lenape",,,race_231,race_value_set_1,base.us,base.hl7v3,http://hl7.org/fhir/v3/Race
race_234,1217-9,"Munsee",,,race_231,race_value_set_1,base.us,base.hl7v3,http://hl7.org/fhir/v3/Race
race_235,1218-7,"Oklahoma Delaware",,,race_231,race_value_set_1,base.us,base.hl7v3,http://hl7.org/fhir/v3/Race
race_236,1219-5,"Rampough Mountain",,,race_231,race_value_set_1,base.us,base.hl7v3,http://hl7.org/fhir/v3/Race
race_237,1220-3,"Sand Hill",,,race_231,race_value_set_1,base.us,base.hl7v3,http://hl7.org/fhir/v3/Race
race_238,1222-9,"Diegueno",,,race_2,race_value_set_1,base.us,base.hl7v3,http://hl7.org/fhir/v3/Race
race_239,1223-7,"Campo",,,race_238,race_value_set_1,base.us,base.hl7v3,http://hl7.org/fhir/v3/Race
race_240,1224-5,"Capitan Grande",,,race_238,race_value_set_1,base.us,base.hl7v3,http://hl7.org/fhir/v3/Race
race_241,1225-2,"Cuyapaipe",,,race_238,race_value_set_1,base.us,base.hl7v3,http://hl7.org/fhir/v3/Race
race_242,1226-0,"La Posta",,,race_238,race_value_set_1,base.us,base.hl7v3,http://hl7.org/fhir/v3/Race
race_243,1227-8,"Manzanita",,,race_238,race_value_set_1,base.us,base.hl7v3,http://hl7.org/fhir/v3/Race
race_244,1228-6,"Mesa Grande",,,race_238,race_value_set_1,base.us,base.hl7v3,http://hl7.org/fhir/v3/Race
race_245,1229-4,"San Pasqual",,,race_238,race_value_set_1,base.us,base.hl7v3,http://hl7.org/fhir/v3/Race
race_246,1230-2,"Santa Ysabel",,,race_238,race_value_set_1,base.us,base.hl7v3,http://hl7.org/fhir/v3/Race
race_247,1231-0,"Sycuan",,,race_238,race_value_set_1,base.us,base.hl7v3,http://hl7.org/fhir/v3/Race
race_248,1233-6,"Eastern Tribes",,,race_2,race_value_set_1,base.us,base.hl7v3,http://hl7.org/fhir/v3/Race
race_249,1234-4,"Attacapa",,,race_248,race_value_set_1,base.us,base.hl7v3,http://hl7.org/fhir/v3/Race
race_250,1235-1,"Biloxi",,,race_248,race_value_set_1,base.us,base.hl7v3,http://hl7.org/fhir/v3/Race
race_251,1236-9,"Georgetown",,,race_248,race_value_set_1,base.us,base.hl7v3,http://hl7.org/fhir/v3/Race
race_252,1237-7,"Moor",,,race_248,race_value_set_1,base.us,base.hl7v3,http://hl7.org/fhir/v3/Race
race_253,1238-5,"Nansemond",,,race_248,race_value_set_1,base.us,base.hl7v3,http://hl7.org/fhir/v3/Race
race_254,1239-3,"Natchez",,,race_248,race_value_set_1,base.us,base.hl7v3,http://hl7.org/fhir/v3/Race
race_255,1240-1,"Nausu Waiwash",,,race_248,race_value_set_1,base.us,base.hl7v3,http://hl7.org/fhir/v3/Race
race_256,1241-9,"Nipmuc",,,race_248,race_value_set_1,base.us,base.hl7v3,http://hl7.org/fhir/v3/Race
race_257,1242-7,"Paugussett",,,race_248,race_value_set_1,base.us,base.hl7v3,http://hl7.org/fhir/v3/Race
race_258,1243-5,"Pocomoke Acohonock",,,race_248,race_value_set_1,base.us,base.hl7v3,http://hl7.org/fhir/v3/Race
race_259,1244-3,"Southeastern Indians",,,race_248,race_value_set_1,base.us,base.hl7v3,http://hl7.org/fhir/v3/Race
race_260,1245-0,"Susquehanock",,,race_248,race_value_set_1,base.us,base.hl7v3,http://hl7.org/fhir/v3/Race
race_261,1246-8,"Tunica Biloxi",,,race_248,race_value_set_1,base.us,base.hl7v3,http://hl7.org/fhir/v3/Race
race_262,1247-6,"Waccamaw-Siousan",,,race_248,race_value_set_1,base.us,base.hl7v3,http://hl7.org/fhir/v3/Race
race_263,1248-4,"Wicomico",,,race_248,race_value_set_1,base.us,base.hl7v3,http://hl7.org/fhir/v3/Race
race_264,1250-0,"Esselen",,,race_2,race_value_set_1,base.us,base.hl7v3,http://hl7.org/fhir/v3/Race
race_265,1252-6,"Fort Belknap",,,race_2,race_value_set_1,base.us,base.hl7v3,http://hl7.org/fhir/v3/Race
race_266,1254-2,"Fort Berthold",,,race_2,race_value_set_1,base.us,base.hl7v3,http://hl7.org/fhir/v3/Race
race_267,1256-7,"Fort Mcdowell",,,race_2,race_value_set_1,base.us,base.hl7v3,http://hl7.org/fhir/v3/Race
race_268,1258-3,"Fort Hall",,,race_2,race_value_set_1,base.us,base.hl7v3,http://hl7.org/fhir/v3/Race
race_269,1260-9,"Gabrieleno",,,race_2,race_value_set_1,base.us,base.hl7v3,http://hl7.org/fhir/v3/Race
race_270,1262-5,"Grand Ronde",,,race_2,race_value_set_1,base.us,base.hl7v3,http://hl7.org/fhir/v3/Race
race_271,1264-1,"Gros Ventres",,,race_2,race_value_set_1,base.us,base.hl7v3,http://hl7.org/fhir/v3/Race
race_272,1265-8,"Atsina",,,race_271,race_value_set_1,base.us,base.hl7v3,http://hl7.org/fhir/v3/Race
race_273,1267-4,"Haliwa",,,race_2,race_value_set_1,base.us,base.hl7v3,http://hl7.org/fhir/v3/Race
race_274,1269-0,"Hidatsa",,,race_2,race_value_set_1,base.us,base.hl7v3,http://hl7.org/fhir/v3/Race
race_275,1271-6,"Hoopa",,,race_2,race_value_set_1,base.us,base.hl7v3,http://hl7.org/fhir/v3/Race
race_276,1272-4,"Trinity",,,race_275,race_value_set_1,base.us,base.hl7v3,http://hl7.org/fhir/v3/Race
race_277,1273-2,"Whilkut",,,race_275,race_value_set_1,base.us,base.hl7v3,http://hl7.org/fhir/v3/Race
race_278,1275-7,"Hoopa Extension",,,race_2,race_value_set_1,base.us,base.hl7v3,http://hl7.org/fhir/v3/Race
race_279,1277-3,"Houma",,,race_2,race_value_set_1,base.us,base.hl7v3,http://hl7.org/fhir/v3/Race
race_280,1279-9,"Inaja-Cosmit",,,race_2,race_value_set_1,base.us,base.hl7v3,http://hl7.org/fhir/v3/Race
race_281,1281-5,"Iowa",,,race_2,race_value_set_1,base.us,base.hl7v3,http://hl7.org/fhir/v3/Race
race_282,1282-3,"Iowa of Kansas-Nebraska",,,race_281,race_value_set_1,base.us,base.hl7v3,http://hl7.org/fhir/v3/Race
race_283,1283-1,"Iowa of Oklahoma",,,race_281,race_value_set_1,base.us,base.hl7v3,http://hl7.org/fhir/v3/Race
race_284,1285-6,"Iroquois",,,race_2,race_value_set_1,base.us,base.hl7v3,http://hl7.org/fhir/v3/Race
race_285,1286-4,"Cayuga",,,race_284,race_value_set_1,base.us,base.hl7v3,http://hl7.org/fhir/v3/Race
race_286,1287-2,"Mohawk",,,race_284,race_value_set_1,base.us,base.hl7v3,http://hl7.org/fhir/v3/Race
race_287,1288-0,"Oneida",,,race_284,race_value_set_1,base.us,base.hl7v3,http://hl7.org/fhir/v3/Race
race_288,1289-8,"Onondaga",,,race_284,race_value_set_1,base.us,base.hl7v3,http://hl7.org/fhir/v3/Race
race_289,1290-6,"Seneca",,,race_284,race_value_set_1,base.us,base.hl7v3,http://hl7.org/fhir/v3/Race
race_290,1291-4,"Seneca Nation",,,race_284,race_value_set_1,base.us,base.hl7v3,http://hl7.org/fhir/v3/Race
race_291,1292-2,"Seneca-Cayuga",,,race_284,race_value_set_1,base.us,base.hl7v3,http://hl7.org/fhir/v3/Race
race_292,1293-0,"Tonawanda Seneca",,,race_284,race_value_set_1,base.us,base.hl7v3,http://hl7.org/fhir/v3/Race
race_293,1294-8,"Tuscarora",,,race_284,race_value_set_1,base.us,base.hl7v3,http://hl7.org/fhir/v3/Race
race_294,1295-5,"Wyandotte",,,race_284,race_value_set_1,base.us,base.hl7v3,http://hl7.org/fhir/v3/Race
race_295,1297-1,"Juaneno",,,race_2,race_value_set_1,base.us,base.hl7v3,http://hl7.org/fhir/v3/Race
race_296,1299-7,"Kalispel",,,race_2,race_value_set_1,base.us,base.hl7v3,http://hl7.org/fhir/v3/Race
race_297,1301-1,"Karuk",,,race_2,race_value_set_1,base.us,base.hl7v3,http://hl7.org/fhir/v3/Race
race_298,1303-7,"Kaw",,,race_2,race_value_set_1,base.us,base.hl7v3,http://hl7.org/fhir/v3/Race
race_299,1305-2,"Kickapoo",,,race_2,race_value_set_1,base.us,base.hl7v3,http://hl7.org/fhir/v3/Race
race_300,1306-0,"Oklahoma Kickapoo",,,race_299,race_value_set_1,base.us,base.hl7v3,http://hl7.org/fhir/v3/Race
race_301,1307-8,"Texas Kickapoo",,,race_299,race_value_set_1,base.us,base.hl7v3,http://hl7.org/fhir/v3/Race
race_302,1309-4,"Kiowa",,,race_2,race_value_set_1,base.us,base.hl7v3,http://hl7.org/fhir/v3/Race
race_303,1310-2,"Oklahoma Kiowa",,,race_302,race_value_set_1,base.us,base.hl7v3,http://hl7.org/fhir/v3/Race
race_304,1312-8,"Klallam",,,race_2,race_value_set_1,base.us,base.hl7v3,http://hl7.org/fhir/v3/Race
race_305,1313-6,"Jamestown",,,race_304,race_value_set_1,base.us,base.hl7v3,http://hl7.org/fhir/v3/Race
race_306,1314-4,"Lower Elwha",,,race_304,race_value_set_1,base.us,base.hl7v3,http://hl7.org/fhir/v3/Race
race_307,1315-1,"Port Gamble Klallam",,,race_304,race_value_set_1,base.us,base.hl7v3,http://hl7.org/fhir/v3/Race
race_308,1317-7,"Klamath",,,race_2,race_value_set_1,base.us,base.hl7v3,http://hl7.org/fhir/v3/Race
race_309,1319-3,"Konkow",,,race_2,race_value_set_1,base.us,base.hl7v3,http://hl7.org/fhir/v3/Race
race_310,1321-9,"Kootenai",,,race_2,race_value_set_1,base.us,base.hl7v3,http://hl7.org/fhir/v3/Race
race_311,1323-5,"Lassik",,,race_2,race_value_set_1,base.us,base.hl7v3,http://hl7.org/fhir/v3/Race
race_312,1325-0,"Long Island",,,race_2,race_value_set_1,base.us,base.hl7v3,http://hl7.org/fhir/v3/Race
race_313,1326-8,"Matinecock",,,race_312,race_value_set_1,base.us,base.hl7v3,http://hl7.org/fhir/v3/Race
race_314,1327-6,"Montauk",,,race_312,race_value_set_1,base.us,base.hl7v3,http://hl7.org/fhir/v3/Race
race_315,1328-4,"Poospatuck",,,race_312,race_value_set_1,base.us,base.hl7v3,http://hl7.org/fhir/v3/Race
race_316,1329-2,"Setauket",,,race_312,race_value_set_1,base.us,base.hl7v3,http://hl7.org/fhir/v3/Race
race_317,1331-8,"Luiseno",,,race_2,race_value_set_1,base.us,base.hl7v3,http://hl7.org/fhir/v3/Race
race_318,1332-6,"La Jolla",,,race_317,race_value_set_1,base.us,base.hl7v3,http://hl7.org/fhir/v3/Race
race_319,1333-4,"Pala",,,race_317,race_value_set_1,base.us,base.hl7v3,http://hl7.org/fhir/v3/Race
race_320,1334-2,"Pauma",,,race_317,race_value_set_1,base.us,base.hl7v3,http://hl7.org/fhir/v3/Race
race_321,1335-9,"Pechanga",,,race_317,race_value_set_1,base.us,base.hl7v3,http://hl7.org/fhir/v3/Race
race_322,1336-7,"Soboba",,,race_317,race_value_set_1,base.us,base.hl7v3,http://hl7.org/fhir/v3/Race
race_323,1337-5,"Twenty-Nine Palms",,,race_317,race_value_set_1,base.us,base.hl7v3,http://hl7.org/fhir/v3/Race
race_324,1338-3,"Temecula",,,race_317,race_value_set_1,base.us,base.hl7v3,http://hl7.org/fhir/v3/Race
race_325,1340-9,"Lumbee",,,race_2,race_value_set_1,base.us,base.hl7v3,http://hl7.org/fhir/v3/Race
race_326,1342-5,"Lummi",,,race_2,race_value_set_1,base.us,base.hl7v3,http://hl7.org/fhir/v3/Race
race_327,1344-1,"Maidu",,,race_2,race_value_set_1,base.us,base.hl7v3,http://hl7.org/fhir/v3/Race
race_328,1345-8,"Mountain Maidu",,,race_327,race_value_set_1,base.us,base.hl7v3,http://hl7.org/fhir/v3/Race
race_329,1346-6,"Nishinam",,,race_327,race_value_set_1,base.us,base.hl7v3,http://hl7.org/fhir/v3/Race
race_330,1348-2,"Makah",,,race_2,race_value_set_1,base.us,base.hl7v3,http://hl7.org/fhir/v3/Race
race_331,1350-8,"Maliseet",,,race_2,race_value_set_1,base.us,base.hl7v3,http://hl7.org/fhir/v3/Race
race_332,1352-4,"Mandan",,,race_2,race_value_set_1,base.us,base.hl7v3,http://hl7.org/fhir/v3/Race
race_333,1354-0,"Mattaponi",,,race_2,race_value_set_1,base.us,base.hl7v3,http://hl7.org/fhir/v3/Race
race_334,1356-5,"Menominee",,,race_2,race_value_set_1,base.us,base.hl7v3,http://hl7.org/fhir/v3/Race
race_335,1358-1,"Miami",,,race_2,race_value_set_1,base.us,base.hl7v3,http://hl7.org/fhir/v3/Race
race_336,1359-9,"Illinois Miami",,,race_335,race_value_set_1,base.us,base.hl7v3,http://hl7.org/fhir/v3/Race
race_337,1360-7,"Indiana Miami",,,race_335,race_value_set_1,base.us,base.hl7v3,http://hl7.org/fhir/v3/Race
race_338,1361-5,"Oklahoma Miami",,,race_335,race_value_set_1,base.us,base.hl7v3,http://hl7.org/fhir/v3/Race
race_339,1363-1,"Miccosukee",,,race_2,race_value_set_1,base.us,base.hl7v3,http://hl7.org/fhir/v3/Race
race_340,1365-6,"Micmac",,,race_2,race_value_set_1,base.us,base.hl7v3,http://hl7.org/fhir/v3/Race
race_341,1366-4,"Aroostook",,,race_340,race_value_set_1,base.us,base.hl7v3,http://hl7.org/fhir/v3/Race
race_342,1368-0,"Mission Indians",,,race_2,race_value_set_1,base.us,base.hl7v3,http://hl7.org/fhir/v3/Race
race_343,1370-6,"Miwok",,,race_2,race_value_set_1,base.us,base.hl7v3,http://hl7.org/fhir/v3/Race
race_344,1372-2,"Modoc",,,race_2,race_value_set_1,base.us,base.hl7v3,http://hl7.org/fhir/v3/Race
race_345,1374-8,"Mohegan",,,race_2,race_value_set_1,base.us,base.hl7v3,http://hl7.org/fhir/v3/Race
race_346,1376-3,"Mono",,,race_2,race_value_set_1,base.us,base.hl7v3,http://hl7.org/fhir/v3/Race
race_347,1378-9,"Nanticoke",,,race_2,race_value_set_1,base.us,base.hl7v3,http://hl7.org/fhir/v3/Race
race_348,1380-5,"Narragansett",,,race_2,race_value_set_1,base.us,base.hl7v3,http://hl7.org/fhir/v3/Race
race_349,1382-1,"Navajo",,,race_2,race_value_set_1,base.us,base.hl7v3,http://hl7.org/fhir/v3/Race
race_350,1383-9,"Alamo Navajo",,,race_349,race_value_set_1,base.us,base.hl7v3,http://hl7.org/fhir/v3/Race
race_351,1384-7,"Canoncito Navajo",,,race_349,race_value_set_1,base.us,base.hl7v3,http://hl7.org/fhir/v3/Race
race_352,1385-4,"Ramah Navajo",,,race_349,race_value_set_1,base.us,base.hl7v3,http://hl7.org/fhir/v3/Race
race_353,1387-0,"Nez Perce",,,race_2,race_value_set_1,base.us,base.hl7v3,http://hl7.org/fhir/v3/Race
race_354,1389-6,"Nomalaki",,,race_2,race_value_set_1,base.us,base.hl7v3,http://hl7.org/fhir/v3/Race
race_355,1391-2,"Northwest Tribes",,,race_2,race_value_set_1,base.us,base.hl7v3,http://hl7.org/fhir/v3/Race
race_356,1392-0,"Alsea",,,race_355,race_value_set_1,base.us,base.hl7v3,http://hl7.org/fhir/v3/Race
race_357,1393-8,"Celilo",,,race_355,race_value_set_1,base.us,base.hl7v3,http://hl7.org/fhir/v3/Race
race_358,1394-6,"Columbia",,,race_355,race_value_set_1,base.us,base.hl7v3,http://hl7.org/fhir/v3/Race
race_359,1395-3,"Kalapuya",,,race_355,race_value_set_1,base.us,base.hl7v3,http://hl7.org/fhir/v3/Race
race_360,1396-1,"Molala",,,race_355,race_value_set_1,base.us,base.hl7v3,http://hl7.org/fhir/v3/Race
race_361,1397-9,"Talakamish",,,race_355,race_value_set_1,base.us,base.hl7v3,http://hl7.org/fhir/v3/Race
race_362,1398-7,"Tenino",,,race_355,race_value_set_1,base.us,base.hl7v3,http://hl7.org/fhir/v3/Race
race_363,1399-5,"Tillamook",,,race_355,race_value_set_1,base.us,base.hl7v3,http://hl7.org/fhir/v3/Race
race_364,1400-1,"Wenatchee",,,race_355,race_value_set_1,base.us,base.hl7v3,http://hl7.org/fhir/v3/Race
race_365,1401-9,"Yahooskin",,,race_355,race_value_set_1,base.us,base.hl7v3,http://hl7.org/fhir/v3/Race
race_366,1403-5,"Omaha",,,race_2,race_value_set_1,base.us,base.hl7v3,http://hl7.org/fhir/v3/Race
race_367,1405-0,"Oregon Athabaskan",,,race_2,race_value_set_1,base.us,base.hl7v3,http://hl7.org/fhir/v3/Race
race_368,1407-6,"Osage",,,race_2,race_value_set_1,base.us,base.hl7v3,http://hl7.org/fhir/v3/Race
race_369,1409-2,"Otoe-Missouria",,,race_2,race_value_set_1,base.us,base.hl7v3,http://hl7.org/fhir/v3/Race
race_370,1411-8,"Ottawa",,,race_2,race_value_set_1,base.us,base.hl7v3,http://hl7.org/fhir/v3/Race
race_371,1412-6,"Burt Lake Ottawa",,,race_370,race_value_set_1,base.us,base.hl7v3,http://hl7.org/fhir/v3/Race
race_372,1413-4,"Michigan Ottawa",,,race_370,race_value_set_1,base.us,base.hl7v3,http://hl7.org/fhir/v3/Race
race_373,1414-2,"Oklahoma Ottawa",,,race_370,race_value_set_1,base.us,base.hl7v3,http://hl7.org/fhir/v3/Race
race_374,1416-7,"Paiute",,,race_2,race_value_set_1,base.us,base.hl7v3,http://hl7.org/fhir/v3/Race
race_375,1417-5,"Bishop",,,race_374,race_value_set_1,base.us,base.hl7v3,http://hl7.org/fhir/v3/Race
race_376,1418-3,"Bridgeport",,,race_374,race_value_set_1,base.us,base.hl7v3,http://hl7.org/fhir/v3/Race
race_377,1419-1,"Burns Paiute",,,race_374,race_value_set_1,base.us,base.hl7v3,http://hl7.org/fhir/v3/Race
race_378,1420-9,"Cedarville",,,race_374,race_value_set_1,base.us,base.hl7v3,http://hl7.org/fhir/v3/Race
race_379,1421-7,"Fort Bidwell",,,race_374,race_value_set_1,base.us,base.hl7v3,http://hl7.org/fhir/v3/Race
race_380,1422-5,"Fort Independence",,,race_374,race_value_set_1,base.us,base.hl7v3,http://hl7.org/fhir/v3/Race
race_381,1423-3,"Kaibab",,,race_374,race_value_set_1,base.us,base.hl7v3,http://hl7.org/fhir/v3/Race
race_382,1424-1,"Las Vegas",,,race_374,race_value_set_1,base.us,base.hl7v3,http://hl7.org/fhir/v3/Race
race_383,1425-8,"Lone Pine",,,race_374,race_value_set_1,base.us,base.hl7v3,http://hl7.org/fhir/v3/Race
race_384,1426-6,"Lovelock",,,race_374,race_value_set_1,base.us,base.hl7v3,http://hl7.org/fhir/v3/Race
race_385,1427-4,"Malheur Paiute",,,race_374,race_value_set_1,base.us,base.hl7v3,http://hl7.org/fhir/v3/Race
race_386,1428-2,"Moapa",,,race_374,race_value_set_1,base.us,base.hl7v3,http://hl7.org/fhir/v3/Race
race_387,1429-0,"Northern Paiute",,,race_374,race_value_set_1,base.us,base.hl7v3,http://hl7.org/fhir/v3/Race
race_388,1430-8,"Owens Valley",,,race_374,race_value_set_1,base.us,base.hl7v3,http://hl7.org/fhir/v3/Race
race_389,1431-6,"Pyramid Lake",,,race_374,race_value_set_1,base.us,base.hl7v3,http://hl7.org/fhir/v3/Race
race_390,1432-4,"San Juan Southern Paiute",,,race_374,race_value_set_1,base.us,base.hl7v3,http://hl7.org/fhir/v3/Race
race_391,1433-2,"Southern Paiute",,,race_374,race_value_set_1,base.us,base.hl7v3,http://hl7.org/fhir/v3/Race
race_392,1434-0,"Summit Lake",,,race_374,race_value_set_1,base.us,base.hl7v3,http://hl7.org/fhir/v3/Race
race_393,1435-7,"Utu Utu Gwaitu Paiute",,,race_374,race_value_set_1,base.us,base.hl7v3,http://hl7.org/fhir/v3/Race
race_394,1436-5,"Walker River",,,race_374,race_value_set_1,base.us,base.hl7v3,http://hl7.org/fhir/v3/Race
race_395,1437-3,"Yerington Paiute",,,race_374,race_value_set_1,base.us,base.hl7v3,http://hl7.org/fhir/v3/Race
race_396,1439-9,"Pamunkey",,,race_2,race_value_set_1,base.us,base.hl7v3,http://hl7.org/fhir/v3/Race
race_397,1441-5,"Passamaquoddy",,,race_2,race_value_set_1,base.us,base.hl7v3,http://hl7.org/fhir/v3/Race
race_398,1442-3,"Indian Township",,,race_397,race_value_set_1,base.us,base.hl7v3,http://hl7.org/fhir/v3/Race
race_399,1443-1,"Pleasant Point Passamaquoddy",,,race_397,race_value_set_1,base.us,base.hl7v3,http://hl7.org/fhir/v3/Race
race_400,1445-6,"Pawnee",,,race_2,race_value_set_1,base.us,base.hl7v3,http://hl7.org/fhir/v3/Race
race_401,1446-4,"Oklahoma Pawnee",,,race_400,race_value_set_1,base.us,base.hl7v3,http://hl7.org/fhir/v3/Race
race_402,1448-0,"Penobscot",,,race_2,race_value_set_1,base.us,base.hl7v3,http://hl7.org/fhir/v3/Race
race_403,1450-6,"Peoria",,,race_2,race_value_set_1,base.us,base.hl7v3,http://hl7.org/fhir/v3/Race
race_404,1451-4,"Oklahoma Peoria",,,race_403,race_value_set_1,base.us,base.hl7v3,http://hl7.org/fhir/v3/Race
race_405,1453-0,"Pequot",,,race_2,race_value_set_1,base.us,base.hl7v3,http://hl7.org/fhir/v3/Race
race_406,1454-8,"Marshantucket Pequot",,,race_405,race_value_set_1,base.us,base.hl7v3,http://hl7.org/fhir/v3/Race
race_407,1456-3,"Pima",,,race_2,race_value_set_1,base.us,base.hl7v3,http://hl7.org/fhir/v3/Race
race_408,1457-1,"Gila River Pima-Maricopa",,,race_407,race_value_set_1,base.us,base.hl7v3,http://hl7.org/fhir/v3/Race
race_409,1458-9,"Salt River Pima-Maricopa",,,race_407,race_value_set_1,base.us,base.hl7v3,http://hl7.org/fhir/v3/Race
race_410,1460-5,"Piscataway",,,race_2,race_value_set_1,base.us,base.hl7v3,http://hl7.org/fhir/v3/Race
race_411,1462-1,"Pit River",,,race_2,race_value_set_1,base.us,base.hl7v3,http://hl7.org/fhir/v3/Race
race_412,1464-7,"Pomo",,,race_2,race_value_set_1,base.us,base.hl7v3,http://hl7.org/fhir/v3/Race
race_413,1465-4,"Central Pomo",,,race_412,race_value_set_1,base.us,base.hl7v3,http://hl7.org/fhir/v3/Race
race_414,1466-2,"Dry Creek",,,race_412,race_value_set_1,base.us,base.hl7v3,http://hl7.org/fhir/v3/Race
race_415,1467-0,"Eastern Pomo",,,race_412,race_value_set_1,base.us,base.hl7v3,http://hl7.org/fhir/v3/Race
race_416,1468-8,"Kashia",,,race_412,race_value_set_1,base.us,base.hl7v3,http://hl7.org/fhir/v3/Race
race_417,1469-6,"Northern Pomo",,,race_412,race_value_set_1,base.us,base.hl7v3,http://hl7.org/fhir/v3/Race
race_418,1470-4,"Scotts Valley",,,race_412,race_value_set_1,base.us,base.hl7v3,http://hl7.org/fhir/v3/Race
race_419,1471-2,"Stonyford",,,race_412,race_value_set_1,base.us,base.hl7v3,http://hl7.org/fhir/v3/Race
race_420,1472-0,"Sulphur Bank",,,race_412,race_value_set_1,base.us,base.hl7v3,http://hl7.org/fhir/v3/Race
race_421,1474-6,"Ponca",,,race_2,race_value_set_1,base.us,base.hl7v3,http://hl7.org/fhir/v3/Race
race_422,1475-3,"Nebraska Ponca",,,race_421,race_value_set_1,base.us,base.hl7v3,http://hl7.org/fhir/v3/Race
race_423,1476-1,"Oklahoma Ponca",,,race_421,race_value_set_1,base.us,base.hl7v3,http://hl7.org/fhir/v3/Race
race_424,1478-7,"Potawatomi",,,race_2,race_value_set_1,base.us,base.hl7v3,http://hl7.org/fhir/v3/Race
race_425,1479-5,"Citizen Band Potawatomi",,,race_424,race_value_set_1,base.us,base.hl7v3,http://hl7.org/fhir/v3/Race
race_426,1480-3,"Forest County",,,race_424,race_value_set_1,base.us,base.hl7v3,http://hl7.org/fhir/v3/Race
race_427,1481-1,"Hannahville",,,race_424,race_value_set_1,base.us,base.hl7v3,http://hl7.org/fhir/v3/Race
race_428,1482-9,"Huron Potawatomi",,,race_424,race_value_set_1,base.us,base.hl7v3,http://hl7.org/fhir/v3/Race
race_429,1483-7,"Pokagon Potawatomi",,,race_424,race_value_set_1,base.us,base.hl7v3,http://hl7.org/fhir/v3/Race
race_430,1484-5,"Prairie Band",,,race_424,race_value_set_1,base.us,base.hl7v3,http://hl7.org/fhir/v3/Race
race_431,1485-2,"Wisconsin Potawatomi",,,race_424,race_value_set_1,base.us,base.hl7v3,http://hl7.org/fhir/v3/Race
race_432,1487-8,"Powhatan",,,race_2,race_value_set_1,base.us,base.hl7v3,http://hl7.org/fhir/v3/Race
race_433,1489-4,"Pueblo",,,race_2,race_value_set_1,base.us,base.hl7v3,http://hl7.org/fhir/v3/Race
race_434,1490-2,"Acoma",,,race_433,race_value_set_1,base.us,base.hl7v3,http://hl7.org/fhir/v3/Race
race_435,1491-0,"Arizona Tewa",,,race_433,race_value_set_1,base.us,base.hl7v3,http://hl7.org/fhir/v3/Race
race_436,1492-8,"Cochiti",,,race_433,race_value_set_1,base.us,base.hl7v3,http://hl7.org/fhir/v3/Race
race_437,1493-6,"Hopi",,,race_433,race_value_set_1,base.us,base.hl7v3,http://hl7.org/fhir/v3/Race
race_438,1494-4,"Isleta",,,race_433,race_value_set_1,base.us,base.hl7v3,http://hl7.org/fhir/v3/Race
race_439,1495-1,"Jemez",,,race_433,race_value_set_1,base.us,base.hl7v3,http://hl7.org/fhir/v3/Race
race_440,1496-9,"Keres",,,race_433,race_value_set_1,base.us,base.hl7v3,http://hl7.org/fhir/v3/Race
race_441,1497-7,"Laguna",,,race_433,race_value_set_1,base.us,base.hl7v3,http://hl7.org/fhir/v3/Race
race_442,1498-5,"Nambe",,,race_433,race_value_set_1,base.us,base.hl7v3,http://hl7.org/fhir/v3/Race
race_443,1499-3,"Picuris",,,race_433,race_value_set_1,base.us,base.hl7v3,http://hl7.org/fhir/v3/Race
race_444,1500-8,"Piro",,,race_433,race_value_set_1,base.us,base.hl7v3,http://hl7.org/fhir/v3/Race
race_445,1501-6,"Pojoaque",,,race_433,race_value_set_1,base.us,base.hl7v3,http://hl7.org/fhir/v3/Race
race_446,1502-4,"San Felipe",,,race_433,race_value_set_1,base.us,base.hl7v3,http://hl7.org/fhir/v3/Race
race_447,1503-2,"San Ildefonso",,,race_433,race_value_set_1,base.us,base.hl7v3,http://hl7.org/fhir/v3/Race
race_448,1504-0,"San Juan Pueblo",,,race_433,race_value_set_1,base.us,base.hl7v3,http://hl7.org/fhir/v3/Race
race_449,1505-7,"San Juan De",,,race_433,race_value_set_1,base.us,base.hl7v3,http://hl7.org/fhir/v3/Race
race_450,1506-5,"San Juan",,,race_433,race_value_set_1,base.us,base.hl7v3,http://hl7.org/fhir/v3/Race
race_451,1507-3,"Sandia",,,race_433,race_value_set_1,base.us,base.hl7v3,http://hl7.org/fhir/v3/Race
race_452,1508-1,"Santa Ana",,,race_433,race_value_set_1,base.us,base.hl7v3,http://hl7.org/fhir/v3/Race
race_453,1509-9,"Santa Clara",,,race_433,race_value_set_1,base.us,base.hl7v3,http://hl7.org/fhir/v3/Race
race_454,1510-7,"Santo Domingo",,,race_433,race_value_set_1,base.us,base.hl7v3,http://hl7.org/fhir/v3/Race
race_455,1511-5,"Taos",,,race_433,race_value_set_1,base.us,base.hl7v3,http://hl7.org/fhir/v3/Race
race_456,1512-3,"Tesuque",,,race_433,race_value_set_1,base.us,base.hl7v3,http://hl7.org/fhir/v3/Race
race_457,1513-1,"Tewa",,,race_433,race_value_set_1,base.us,base.hl7v3,http://hl7.org/fhir/v3/Race
race_458,1514-9,"Tigua",,,race_433,race_value_set_1,base.us,base.hl7v3,http://hl7.org/fhir/v3/Race
race_459,1515-6,"Zia",,,race_433,race_value_set_1,base.us,base.hl7v3,http://hl7.org/fhir/v3/Race
race_460,1516-4,"Zuni",,,race_433,race_value_set_1,base.us,base.hl7v3,http://hl7.org/fhir/v3/Race
race_461,1518-0,"Puget Sound Salish",,,race_2,race_value_set_1,base.us,base.hl7v3,http://hl7.org/fhir/v3/Race
race_462,1519-8,"Duwamish",,,race_461,race_value_set_1,base.us,base.hl7v3,http://hl7.org/fhir/v3/Race
race_463,1520-6,"Kikiallus",,,race_461,race_value_set_1,base.us,base.hl7v3,http://hl7.org/fhir/v3/Race
race_464,1521-4,"Lower Skagit",,,race_461,race_value_set_1,base.us,base.hl7v3,http://hl7.org/fhir/v3/Race
race_465,1522-2,"Muckleshoot",,,race_461,race_value_set_1,base.us,base.hl7v3,http://hl7.org/fhir/v3/Race
race_466,1523-0,"Nisqually",,,race_461,race_value_set_1,base.us,base.hl7v3,http://hl7.org/fhir/v3/Race
race_467,1524-8,"Nooksack",,,race_461,race_value_set_1,base.us,base.hl7v3,http://hl7.org/fhir/v3/Race
race_468,1525-5,"Port Madison",,,race_461,race_value_set_1,base.us,base.hl7v3,http://hl7.org/fhir/v3/Race
race_469,1526-3,"Puyallup",,,race_461,race_value_set_1,base.us,base.hl7v3,http://hl7.org/fhir/v3/Race
race_470,1527-1,"Samish",,,race_461,race_value_set_1,base.us,base.hl7v3,http://hl7.org/fhir/v3/Race
race_471,1528-9,"Sauk-Suiattle",,,race_461,race_value_set_1,base.us,base.hl7v3,http://hl7.org/fhir/v3/Race
race_472,1529-7,"Skokomish",,,race_461,race_value_set_1,base.us,base.hl7v3,http://hl7.org/fhir/v3/Race
race_473,1530-5,"Skykomish",,,race_461,race_value_set_1,base.us,base.hl7v3,http://hl7.org/fhir/v3/Race
race_474,1531-3,"Snohomish",,,race_461,race_value_set_1,base.us,base.hl7v3,http://hl7.org/fhir/v3/Race
race_475,1532-1,"Snoqualmie",,,race_461,race_value_set_1,base.us,base.hl7v3,http://hl7.org/fhir/v3/Race
race_476,1533-9,"Squaxin Island",,,race_461,race_value_set_1,base.us,base.hl7v3,http://hl7.org/fhir/v3/Race
race_477,1534-7,"Steilacoom",,,race_461,race_value_set_1,base.us,base.hl7v3,http://hl7.org/fhir/v3/Race
race_478,1535-4,"Stillaguamish",,,race_461,race_value_set_1,base.us,base.hl7v3,http://hl7.org/fhir/v3/Race
race_479,1536-2,"Suquamish",,,race_461,race_value_set_1,base.us,base.hl7v3,http://hl7.org/fhir/v3/Race
race_480,1537-0,"Swinomish",,,race_461,race_value_set_1,base.us,base.hl7v3,http://hl7.org/fhir/v3/Race
race_481,1538-8,"Tulalip",,,race_461,race_value_set_1,base.us,base.hl7v3,http://hl7.org/fhir/v3/Race
race_482,1539-6,"Upper Skagit",,,race_461,race_value_set_1,base.us,base.hl7v3,http://hl7.org/fhir/v3/Race
race_483,1541-2,"Quapaw",,,race_2,race_value_set_1,base.us,base.hl7v3,http://hl7.org/fhir/v3/Race
race_484,1543-8,"Quinault",,,race_2,race_value_set_1,base.us,base.hl7v3,http://hl7.org/fhir/v3/Race
race_485,1545-3,"Rappahannock",,,race_2,race_value_set_1,base.us,base.hl7v3,http://hl7.org/fhir/v3/Race
race_486,1547-9,"Reno-Sparks",,,race_2,race_value_set_1,base.us,base.hl7v3,http://hl7.org/fhir/v3/Race
race_487,1549-5,"Round Valley",,,race_2,race_value_set_1,base.us,base.hl7v3,http://hl7.org/fhir/v3/Race
race_488,1551-1,"Sac and Fox",,,race_2,race_value_set_1,base.us,base.hl7v3,http://hl7.org/fhir/v3/Race
race_489,1552-9,"Iowa Sac and Fox",,,race_488,race_value_set_1,base.us,base.hl7v3,http://hl7.org/fhir/v3/Race
race_490,1553-7,"Missouri Sac and Fox",,,race_488,race_value_set_1,base.us,base.hl7v3,http://hl7.org/fhir/v3/Race
race_491,1554-5,"Oklahoma Sac and Fox",,,race_488,race_value_set_1,base.us,base.hl7v3,http://hl7.org/fhir/v3/Race
race_492,1556-0,"Salinan",,,race_2,race_value_set_1,base.us,base.hl7v3,http://hl7.org/fhir/v3/Race
race_493,1558-6,"Salish",,,race_2,race_value_set_1,base.us,base.hl7v3,http://hl7.org/fhir/v3/Race
race_494,1560-2,"Salish and Kootenai",,,race_2,race_value_set_1,base.us,base.hl7v3,http://hl7.org/fhir/v3/Race
race_495,1562-8,"Schaghticoke",,,race_2,race_value_set_1,base.us,base.hl7v3,http://hl7.org/fhir/v3/Race
race_496,1564-4,"Scott Valley",,,race_2,race_value_set_1,base.us,base.hl7v3,http://hl7.org/fhir/v3/Race
race_497,1566-9,"Seminole",,,race_2,race_value_set_1,base.us,base.hl7v3,http://hl7.org/fhir/v3/Race
race_498,1567-7,"Big Cypress",,,race_497,race_value_set_1,base.us,base.hl7v3,http://hl7.org/fhir/v3/Race
race_499,1568-5,"Brighton",,,race_497,race_value_set_1,base.us,base.hl7v3,http://hl7.org/fhir/v3/Race
race_500,1569-3,"Florida Seminole",,,race_497,race_value_set_1,base.us,base.hl7v3,http://hl7.org/fhir/v3/Race
race_501,1570-1,"Hollywood Seminole",,,race_497,race_value_set_1,base.us,base.hl7v3,http://hl7.org/fhir/v3/Race
race_502,1571-9,"Oklahoma Seminole",,,race_497,race_value_set_1,base.us,base.hl7v3,http://hl7.org/fhir/v3/Race
race_503,1573-5,"Serrano",,,race_2,race_value_set_1,base.us,base.hl7v3,http://hl7.org/fhir/v3/Race
race_504,1574-3,"San Manual",,,race_503,race_value_set_1,base.us,base.hl7v3,http://hl7.org/fhir/v3/Race
race_505,1576-8,"Shasta",,,race_2,race_value_set_1,base.us,base.hl7v3,http://hl7.org/fhir/v3/Race
race_506,1578-4,"Shawnee",,,race_2,race_value_set_1,base.us,base.hl7v3,http://hl7.org/fhir/v3/Race
race_507,1579-2,"Absentee Shawnee",,,race_506,race_value_set_1,base.us,base.hl7v3,http://hl7.org/fhir/v3/Race
race_508,1580-0,"Eastern Shawnee",,,race_506,race_value_set_1,base.us,base.hl7v3,http://hl7.org/fhir/v3/Race
race_509,1582-6,"Shinnecock",,,race_2,race_value_set_1,base.us,base.hl7v3,http://hl7.org/fhir/v3/Race
race_510,1584-2,"Shoalwater Bay",,,race_2,race_value_set_1,base.us,base.hl7v3,http://hl7.org/fhir/v3/Race
race_511,1586-7,"Shoshone",,,race_2,race_value_set_1,base.us,base.hl7v3,http://hl7.org/fhir/v3/Race
race_512,1587-5,"Battle Mountain",,,race_511,race_value_set_1,base.us,base.hl7v3,http://hl7.org/fhir/v3/Race
race_513,1588-3,"Duckwater",,,race_511,race_value_set_1,base.us,base.hl7v3,http://hl7.org/fhir/v3/Race
race_514,1589-1,"Elko",,,race_511,race_value_set_1,base.us,base.hl7v3,http://hl7.org/fhir/v3/Race
race_515,1590-9,"Ely",,,race_511,race_value_set_1,base.us,base.hl7v3,http://hl7.org/fhir/v3/Race
race_516,1591-7,"Goshute",,,race_511,race_value_set_1,base.us,base.hl7v3,http://hl7.org/fhir/v3/Race
race_517,1592-5,"Panamint",,,race_511,race_value_set_1,base.us,base.hl7v3,http://hl7.org/fhir/v3/Race
race_518,1593-3,"Ruby Valley",,,race_511,race_value_set_1,base.us,base.hl7v3,http://hl7.org/fhir/v3/Race
race_519,1594-1,"Skull Valley",,,race_511,race_value_set_1,base.us,base.hl7v3,http://hl7.org/fhir/v3/Race
race_520,1595-8,"South Fork Shoshone",,,race_511,race_value_set_1,base.us,base.hl7v3,http://hl7.org/fhir/v3/Race
race_521,1596-6,"Te-Moak Western Shoshone",,,race_511,race_value_set_1,base.us,base.hl7v3,http://hl7.org/fhir/v3/Race
race_522,1597-4,"Timbi-Sha Shoshone",,,race_511,race_value_set_1,base.us,base.hl7v3,http://hl7.org/fhir/v3/Race
race_523,1598-2,"Washakie",,,race_511,race_value_set_1,base.us,base.hl7v3,http://hl7.org/fhir/v3/Race
race_524,1599-0,"Wind River Shoshone",,,race_511,race_value_set_1,base.us,base.hl7v3,http://hl7.org/fhir/v3/Race
race_525,1600-6,"Yomba",,,race_511,race_value_set_1,base.us,base.hl7v3,http://hl7.org/fhir/v3/Race
race_526,1602-2,"Shoshone Paiute",,,race_2,race_value_set_1,base.us,base.hl7v3,http://hl7.org/fhir/v3/Race
race_527,1603-0,"Duck Valley",,,race_526,race_value_set_1,base.us,base.hl7v3,http://hl7.org/fhir/v3/Race
race_528,1604-8,"Fallon",,,race_526,race_value_set_1,base.us,base.hl7v3,http://hl7.org/fhir/v3/Race
race_529,1605-5,"Fort McDermitt",,,race_526,race_value_set_1,base.us,base.hl7v3,http://hl7.org/fhir/v3/Race
race_530,1607-1,"Siletz",,,race_2,race_value_set_1,base.us,base.hl7v3,http://hl7.org/fhir/v3/Race
race_531,1609-7,"Sioux",,,race_2,race_value_set_1,base.us,base.hl7v3,http://hl7.org/fhir/v3/Race
race_532,1610-5,"Blackfoot Sioux",,,race_531,race_value_set_1,base.us,base.hl7v3,http://hl7.org/fhir/v3/Race
race_533,1611-3,"Brule Sioux",,,race_531,race_value_set_1,base.us,base.hl7v3,http://hl7.org/fhir/v3/Race
race_534,1612-1,"Cheyenne River Sioux",,,race_531,race_value_set_1,base.us,base.hl7v3,http://hl7.org/fhir/v3/Race
race_535,1613-9,"Crow Creek Sioux",,,race_531,race_value_set_1,base.us,base.hl7v3,http://hl7.org/fhir/v3/Race
race_536,1614-7,"Dakota Sioux",,,race_531,race_value_set_1,base.us,base.hl7v3,http://hl7.org/fhir/v3/Race
race_537,1615-4,"Flandreau Santee",,,race_531,race_value_set_1,base.us,base.hl7v3,http://hl7.org/fhir/v3/Race
race_538,1616-2,"Fort Peck",,,race_531,race_value_set_1,base.us,base.hl7v3,http://hl7.org/fhir/v3/Race
race_539,1617-0,"Lake Traverse Sioux",,,race_531,race_value_set_1,base.us,base.hl7v3,http://hl7.org/fhir/v3/Race
race_540,1618-8,"Lower Brule Sioux",,,race_531,race_value_set_1,base.us,base.hl7v3,http://hl7.org/fhir/v3/Race
race_541,1619-6,"Lower Sioux",,,race_531,race_value_set_1,base.us,base.hl7v3,http://hl7.org/fhir/v3/Race
race_542,1620-4,"Mdewakanton Sioux",,,race_531,race_value_set_1,base.us,base.hl7v3,http://hl7.org/fhir/v3/Race
race_543,1621-2,"Miniconjou",,,race_531,race_value_set_1,base.us,base.hl7v3,http://hl7.org/fhir/v3/Race
race_544,1622-0,"Oglala Sioux",,,race_531,race_value_set_1,base.us,base.hl7v3,http://hl7.org/fhir/v3/Race
race_545,1623-8,"Pine Ridge Sioux",,,race_531,race_value_set_1,base.us,base.hl7v3,http://hl7.org/fhir/v3/Race
race_546,1624-6,"Pipestone Sioux",,,race_531,race_value_set_1,base.us,base.hl7v3,http://hl7.org/fhir/v3/Race
race_547,1625-3,"Prairie Island Sioux",,,race_531,race_value_set_1,base.us,base.hl7v3,http://hl7.org/fhir/v3/Race
race_548,1626-1,"Prior Lake Sioux",,,race_531,race_value_set_1,base.us,base.hl7v3,http://hl7.org/fhir/v3/Race
race_549,1627-9,"Rosebud Sioux",,,race_531,race_value_set_1,base.us,base.hl7v3,http://hl7.org/fhir/v3/Race
race_550,1628-7,"Sans Arc Sioux",,,race_531,race_value_set_1,base.us,base.hl7v3,http://hl7.org/fhir/v3/Race
race_551,1629-5,"Santee Sioux",,,race_531,race_value_set_1,base.us,base.hl7v3,http://hl7.org/fhir/v3/Race
race_552,1630-3,"Sisseton-Wahpeton",,,race_531,race_value_set_1,base.us,base.hl7v3,http://hl7.org/fhir/v3/Race
race_553,1631-1,"Sisseton Sioux",,,race_531,race_value_set_1,base.us,base.hl7v3,http://hl7.org/fhir/v3/Race
race_554,1632-9,"Spirit Lake Sioux",,,race_531,race_value_set_1,base.us,base.hl7v3,http://hl7.org/fhir/v3/Race
race_555,1633-7,"Standing Rock Sioux",,,race_531,race_value_set_1,base.us,base.hl7v3,http://hl7.org/fhir/v3/Race
race_556,1634-5,"Teton Sioux",,,race_531,race_value_set_1,base.us,base.hl7v3,http://hl7.org/fhir/v3/Race
race_557,1635-2,"Two Kettle Sioux",,,race_531,race_value_set_1,base.us,base.hl7v3,http://hl7.org/fhir/v3/Race
race_558,1636-0,"Upper Sioux",,,race_531,race_value_set_1,base.us,base.hl7v3,http://hl7.org/fhir/v3/Race
race_559,1637-8,"Wahpekute Sioux",,,race_531,race_value_set_1,base.us,base.hl7v3,http://hl7.org/fhir/v3/Race
race_560,1638-6,"Wahpeton Sioux",,,race_531,race_value_set_1,base.us,base.hl7v3,http://hl7.org/fhir/v3/Race
race_561,1639-4,"Wazhaza Sioux",,,race_531,race_value_set_1,base.us,base.hl7v3,http://hl7.org/fhir/v3/Race
race_562,1640-2,"Yankton Sioux",,,race_531,race_value_set_1,base.us,base.hl7v3,http://hl7.org/fhir/v3/Race
race_563,1641-0,"Yanktonai Sioux",,,race_531,race_value_set_1,base.us,base.hl7v3,http://hl7.org/fhir/v3/Race
race_564,1643-6,"Siuslaw",,,race_2,race_value_set_1,base.us,base.hl7v3,http://hl7.org/fhir/v3/Race
race_565,1645-1,"Spokane",,,race_2,race_value_set_1,base.us,base.hl7v3,http://hl7.org/fhir/v3/Race
race_566,1647-7,"Stewart",,,race_2,race_value_set_1,base.us,base.hl7v3,http://hl7.org/fhir/v3/Race
race_567,1649-3,"Stockbridge",,,race_2,race_value_set_1,base.us,base.hl7v3,http://hl7.org/fhir/v3/Race
race_568,1651-9,"Susanville",,,race_2,race_value_set_1,base.us,base.hl7v3,http://hl7.org/fhir/v3/Race
race_569,1653-5,"Tohono O'Odham",,,race_2,race_value_set_1,base.us,base.hl7v3,http://hl7.org/fhir/v3/Race
race_570,1654-3,"Ak-Chin",,,race_569,race_value_set_1,base.us,base.hl7v3,http://hl7.org/fhir/v3/Race
race_571,1655-0,"Gila Bend",,,race_569,race_value_set_1,base.us,base.hl7v3,http://hl7.org/fhir/v3/Race
race_572,1656-8,"San Xavier",,,race_569,race_value_set_1,base.us,base.hl7v3,http://hl7.org/fhir/v3/Race
race_573,1657-6,"Sells",,,race_569,race_value_set_1,base.us,base.hl7v3,http://hl7.org/fhir/v3/Race
race_574,1659-2,"Tolowa",,,race_2,race_value_set_1,base.us,base.hl7v3,http://hl7.org/fhir/v3/Race
race_575,1661-8,"Tonkawa",,,race_2,race_value_set_1,base.us,base.hl7v3,http://hl7.org/fhir/v3/Race
race_576,1663-4,"Tygh",,,race_2,race_value_set_1,base.us,base.hl7v3,http://hl7.org/fhir/v3/Race
race_577,1665-9,"Umatilla",,,race_2,race_value_set_1,base.us,base.hl7v3,http://hl7.org/fhir/v3/Race
race_578,1667-5,"Umpqua",,,race_2,race_value_set_1,base.us,base.hl7v3,http://hl7.org/fhir/v3/Race
race_579,1668-3,"Cow Creek Umpqua",,,race_578,race_value_set_1,base.us,base.hl7v3,http://hl7.org/fhir/v3/Race
race_580,1670-9,"Ute",,,race_2,race_value_set_1,base.us,base.hl7v3,http://hl7.org/fhir/v3/Race
race_581,1671-7,"Allen Canyon",,,race_580,race_value_set_1,base.us,base.hl7v3,http://hl7.org/fhir/v3/Race
race_582,1672-5,"Uintah Ute",,,race_580,race_value_set_1,base.us,base.hl7v3,http://hl7.org/fhir/v3/Race
race_583,1673-3,"Ute Mountain Ute",,,race_580,race_value_set_1,base.us,base.hl7v3,http://hl7.org/fhir/v3/Race
race_584,1675-8,"Wailaki",,,race_2,race_value_set_1,base.us,base.hl7v3,http://hl7.org/fhir/v3/Race
race_585,1677-4,"Walla-Walla",,,race_2,race_value_set_1,base.us,base.hl7v3,http://hl7.org/fhir/v3/Race
race_586,1679-0,"Wampanoag",,,race_2,race_value_set_1,base.us,base.hl7v3,http://hl7.org/fhir/v3/Race
race_587,1680-8,"Gay Head Wampanoag",,,race_586,race_value_set_1,base.us,base.hl7v3,http://hl7.org/fhir/v3/Race
race_588,1681-6,"Mashpee Wampanoag",,,race_586,race_value_set_1,base.us,base.hl7v3,http://hl7.org/fhir/v3/Race
race_589,1683-2,"Warm Springs",,,race_2,race_value_set_1,base.us,base.hl7v3,http://hl7.org/fhir/v3/Race
race_590,1685-7,"Wascopum",,,race_2,race_value_set_1,base.us,base.hl7v3,http://hl7.org/fhir/v3/Race
race_591,1687-3,"Washoe",,,race_2,race_value_set_1,base.us,base.hl7v3,http://hl7.org/fhir/v3/Race
race_592,1688-1,"Alpine",,,race_591,race_value_set_1,base.us,base.hl7v3,http://hl7.org/fhir/v3/Race
race_593,1689-9,"Carson",,,race_591,race_value_set_1,base.us,base.hl7v3,http://hl7.org/fhir/v3/Race
race_594,1690-7,"Dresslerville",,,race_591,race_value_set_1,base.us,base.hl7v3,http://hl7.org/fhir/v3/Race
race_595,1692-3,"Wichita",,,race_2,race_value_set_1,base.us,base.hl7v3,http://hl7.org/fhir/v3/Race
race_596,1694-9,"Wind River",,,race_2,race_value_set_1,base.us,base.hl7v3,http://hl7.org/fhir/v3/Race
race_597,1696-4,"Winnebago",,,race_2,race_value_set_1,base.us,base.hl7v3,http://hl7.org/fhir/v3/Race
race_598,1697-2,"Ho-chunk",,,race_597,race_value_set_1,base.us,base.hl7v3,http://hl7.org/fhir/v3/Race
race_599,1698-0,"Nebraska Winnebago",,,race_597,race_value_set_1,base.us,base.hl7v3,http://hl7.org/fhir/v3/Race
race_600,1700-4,"Winnemucca",,,race_2,race_value_set_1,base.us,base.hl7v3,http://hl7.org/fhir/v3/Race
race_601,1702-0,"Wintun",,,race_2,race_value_set_1,base.us,base.hl7v3,http://hl7.org/fhir/v3/Race
race_602,1704-6,"Wiyot",,,race_2,race_value_set_1,base.us,base.hl7v3,http://hl7.org/fhir/v3/Race
race_603,1705-3,"Table Bluff",,,race_602,race_value_set_1,base.us,base.hl7v3,http://hl7.org/fhir/v3/Race
race_604,1707-9,"Yakama",,,race_2,race_value_set_1,base.us,base.hl7v3,http://hl7.org/fhir/v3/Race
race_605,1709-5,"Yakama Cowlitz",,,race_2,race_value_set_1,base.us,base.hl7v3,http://hl7.org/fhir/v3/Race
race_606,1711-1,"Yaqui",,,race_2,race_value_set_1,base.us,base.hl7v3,http://hl7.org/fhir/v3/Race
race_607,1712-9,"Barrio Libre",,,race_606,race_value_set_1,base.us,base.hl7v3,http://hl7.org/fhir/v3/Race
race_608,1713-7,"Pascua Yaqui",,,race_606,race_value_set_1,base.us,base.hl7v3,http://hl7.org/fhir/v3/Race
race_609,1715-2,"Yavapai Apache",,,race_2,race_value_set_1,base.us,base.hl7v3,http://hl7.org/fhir/v3/Race
race_610,1717-8,"Yokuts",,,race_2,race_value_set_1,base.us,base.hl7v3,http://hl7.org/fhir/v3/Race
race_611,1718-6,"Chukchansi",,,race_610,race_value_set_1,base.us,base.hl7v3,http://hl7.org/fhir/v3/Race
race_612,1719-4,"Tachi",,,race_610,race_value_set_1,base.us,base.hl7v3,http://hl7.org/fhir/v3/Race
race_613,1720-2,"Tule River",,,race_610,race_value_set_1,base.us,base.hl7v3,http://hl7.org/fhir/v3/Race
race_614,1722-8,"Yuchi",,,race_2,race_value_set_1,base.us,base.hl7v3,http://hl7.org/fhir/v3/Race
race_615,1724-4,"Yuman",,,race_2,race_value_set_1,base.us,base.hl7v3,http://hl7.org/fhir/v3/Race
race_616,1725-1,"Cocopah",,,race_615,race_value_set_1,base.us,base.hl7v3,http://hl7.org/fhir/v3/Race
race_617,1726-9,"Havasupai",,,race_615,race_value_set_1,base.us,base.hl7v3,http://hl7.org/fhir/v3/Race
race_618,1727-7,"Hualapai",,,race_615,race_value_set_1,base.us,base.hl7v3,http://hl7.org/fhir/v3/Race
race_619,1728-5,"Maricopa",,,race_615,race_value_set_1,base.us,base.hl7v3,http://hl7.org/fhir/v3/Race
race_620,1729-3,"Mohave",,,race_615,race_value_set_1,base.us,base.hl7v3,http://hl7.org/fhir/v3/Race
race_621,1730-1,"Quechan",,,race_615,race_value_set_1,base.us,base.hl7v3,http://hl7.org/fhir/v3/Race
race_622,1731-9,"Yavapai",,,race_615,race_value_set_1,base.us,base.hl7v3,http://hl7.org/fhir/v3/Race
race_623,1732-7,"Yurok",,,race_2,race_value_set_1,base.us,base.hl7v3,http://hl7.org/fhir/v3/Race
race_624,1733-5,"Coast Yurok",,,race_623,race_value_set_1,base.us,base.hl7v3,http://hl7.org/fhir/v3/Race
race_625,1735-0,"Alaska Native",,,race_1,race_value_set_1,base.us,base.hl7v3,http://hl7.org/fhir/v3/Race
race_626,1737-6,"Alaska Indian",,,race_2,race_value_set_1,base.us,base.hl7v3,http://hl7.org/fhir/v3/Race
race_627,1739-2,"Alaskan Athabascan",,,race_626,race_value_set_1,base.us,base.hl7v3,http://hl7.org/fhir/v3/Race
race_628,1740-0,"Ahtna",,,race_627,race_value_set_1,base.us,base.hl7v3,http://hl7.org/fhir/v3/Race
race_629,1811-9,"Southeast Alaska",,,race_626,race_value_set_1,base.us,base.hl7v3,http://hl7.org/fhir/v3/Race
race_630,1813-5,"Tlingit-Haida",,,race_629,race_value_set_1,base.us,base.hl7v3,http://hl7.org/fhir/v3/Race
race_631,1814-3,"Angoon",,,race_630,race_value_set_1,base.us,base.hl7v3,http://hl7.org/fhir/v3/Race
race_632,1815-0,"Central Council of Tlingit and Haida Tribes",,,race_630,race_value_set_1,base.us,base.hl7v3,http://hl7.org/fhir/v3/Race
race_633,1816-8,"Chilkat",,,race_630,race_value_set_1,base.us,base.hl7v3,http://hl7.org/fhir/v3/Race
race_634,1817-6,"Chilkoot",,,race_630,race_value_set_1,base.us,base.hl7v3,http://hl7.org/fhir/v3/Race
race_635,1818-4,"Craig",,,race_630,race_value_set_1,base.us,base.hl7v3,http://hl7.org/fhir/v3/Race
race_636,1819-2,"Douglas",,,race_630,race_value_set_1,base.us,base.hl7v3,http://hl7.org/fhir/v3/Race
race_637,1820-0,"Haida",,,race_630,race_value_set_1,base.us,base.hl7v3,http://hl7.org/fhir/v3/Race
race_638,1821-8,"Hoonah",,,race_630,race_value_set_1,base.us,base.hl7v3,http://hl7.org/fhir/v3/Race
race_639,1822-6,"Hydaburg",,,race_630,race_value_set_1,base.us,base.hl7v3,http://hl7.org/fhir/v3/Race
race_640,1823-4,"Kake",,,race_630,race_value_set_1,base.us,base.hl7v3,http://hl7.org/fhir/v3/Race
race_641,1824-2,"Kasaan",,,race_630,race_value_set_1,base.us,base.hl7v3,http://hl7.org/fhir/v3/Race
race_642,1825-9,"Kenaitze",,,race_630,race_value_set_1,base.us,base.hl7v3,http://hl7.org/fhir/v3/Race
race_643,1826-7,"Ketchikan",,,race_630,race_value_set_1,base.us,base.hl7v3,http://hl7.org/fhir/v3/Race
race_644,1827-5,"Klawock",,,race_630,race_value_set_1,base.us,base.hl7v3,http://hl7.org/fhir/v3/Race
race_645,1828-3,"Pelican",,,race_630,race_value_set_1,base.us,base.hl7v3,http://hl7.org/fhir/v3/Race
race_646,1829-1,"Petersburg",,,race_630,race_value_set_1,base.us,base.hl7v3,http://hl7.org/fhir/v3/Race
race_647,1830-9,"Saxman",,,race_630,race_value_set_1,base.us,base.hl7v3,http://hl7.org/fhir/v3/Race
race_648,1831-7,"Sitka",,,race_630,race_value_set_1,base.us,base.hl7v3,http://hl7.org/fhir/v3/Race
race_649,1832-5,"Tenakee Springs",,,race_630,race_value_set_1,base.us,base.hl7v3,http://hl7.org/fhir/v3/Race
race_650,1833-3,"Tlingit",,,race_630,race_value_set_1,base.us,base.hl7v3,http://hl7.org/fhir/v3/Race
race_651,1834-1,"Wrangell",,,race_630,race_value_set_1,base.us,base.hl7v3,http://hl7.org/fhir/v3/Race
race_652,1835-8,"Yakutat",,,race_630,race_value_set_1,base.us,base.hl7v3,http://hl7.org/fhir/v3/Race
race_653,1837-4,"Tsimshian",,,race_629,race_value_set_1,base.us,base.hl7v3,http://hl7.org/fhir/v3/Race
race_654,1838-2,"Metlakatla",,,race_653,race_value_set_1,base.us,base.hl7v3,http://hl7.org/fhir/v3/Race
race_655,1840-8,"Eskimo",,,race_2,race_value_set_1,base.us,base.hl7v3,http://hl7.org/fhir/v3/Race
race_656,1842-4,"Greenland Eskimo",,,race_655,race_value_set_1,base.us,base.hl7v3,http://hl7.org/fhir/v3/Race
race_657,1844-0,"Inupiat Eskimo",,,race_655,race_value_set_1,base.us,base.hl7v3,http://hl7.org/fhir/v3/Race
race_658,1845-7,"Ambler",,,race_657,race_value_set_1,base.us,base.hl7v3,http://hl7.org/fhir/v3/Race
race_659,1846-5,"Anaktuvuk",,,race_657,race_value_set_1,base.us,base.hl7v3,http://hl7.org/fhir/v3/Race
race_660,1847-3,"Anaktuvuk Pass",,,race_657,race_value_set_1,base.us,base.hl7v3,http://hl7.org/fhir/v3/Race
race_661,1848-1,"Arctic Slope Inupiat",,,race_657,race_value_set_1,base.us,base.hl7v3,http://hl7.org/fhir/v3/Race
race_662,1849-9,"Arctic Slope Corporation",,,race_657,race_value_set_1,base.us,base.hl7v3,http://hl7.org/fhir/v3/Race
race_663,1850-7,"Atqasuk",,,race_657,race_value_set_1,base.us,base.hl7v3,http://hl7.org/fhir/v3/Race
race_664,1851-5,"Barrow",,,race_657,race_value_set_1,base.us,base.hl7v3,http://hl7.org/fhir/v3/Race
race_665,1852-3,"Bering Straits Inupiat",,,race_657,race_value_set_1,base.us,base.hl7v3,http://hl7.org/fhir/v3/Race
race_666,1853-1,"Brevig Mission",,,race_657,race_value_set_1,base.us,base.hl7v3,http://hl7.org/fhir/v3/Race
race_667,1854-9,"Buckland",,,race_657,race_value_set_1,base.us,base.hl7v3,http://hl7.org/fhir/v3/Race
race_668,1855-6,"Chinik",,,race_657,race_value_set_1,base.us,base.hl7v3,http://hl7.org/fhir/v3/Race
race_669,1856-4,"Council",,,race_657,race_value_set_1,base.us,base.hl7v3,http://hl7.org/fhir/v3/Race
race_670,1857-2,"Deering",,,race_657,race_value_set_1,base.us,base.hl7v3,http://hl7.org/fhir/v3/Race
race_671,1858-0,"Elim",,,race_657,race_value_set_1,base.us,base.hl7v3,http://hl7.org/fhir/v3/Race
race_672,1859-8,"Golovin",,,race_657,race_value_set_1,base.us,base.hl7v3,http://hl7.org/fhir/v3/Race
race_673,1860-6,"Inalik Diomede",,,race_657,race_value_set_1,base.us,base.hl7v3,http://hl7.org/fhir/v3/Race
race_674,1861-4,"Inupiaq",,,race_657,race_value_set_1,base.us,base.hl7v3,http://hl7.org/fhir/v3/Race
race_675,1862-2,"Kaktovik",,,race_657,race_value_set_1,base.us,base.hl7v3,http://hl7.org/fhir/v3/Race
race_676,1863-0,"Kawerak",,,race_657,race_value_set_1,base.us,base.hl7v3,http://hl7.org/fhir/v3/Race
race_677,1864-8,"Kiana",,,race_657,race_value_set_1,base.us,base.hl7v3,http://hl7.org/fhir/v3/Race
race_678,1865-5,"Kivalina",,,race_657,race_value_set_1,base.us,base.hl7v3,http://hl7.org/fhir/v3/Race
race_679,1866-3,"Kobuk",,,race_657,race_value_set_1,base.us,base.hl7v3,http://hl7.org/fhir/v3/Race
race_680,1867-1,"Kotzebue",,,race_657,race_value_set_1,base.us,base.hl7v3,http://hl7.org/fhir/v3/Race
race_681,1868-9,"Koyuk",,,race_657,race_value_set_1,base.us,base.hl7v3,http://hl7.org/fhir/v3/Race
race_682,1869-7,"Kwiguk",,,race_657,race_value_set_1,base.us,base.hl7v3,http://hl7.org/fhir/v3/Race
race_683,1870-5,"Mauneluk Inupiat",,,race_657,race_value_set_1,base.us,base.hl7v3,http://hl7.org/fhir/v3/Race
race_684,1871-3,"Nana Inupiat",,,race_657,race_value_set_1,base.us,base.hl7v3,http://hl7.org/fhir/v3/Race
race_685,1872-1,"Noatak",,,race_657,race_value_set_1,base.us,base.hl7v3,http://hl7.org/fhir/v3/Race
race_686,1873-9,"Nome",,,race_657,race_value_set_1,base.us,base.hl7v3,http://hl7.org/fhir/v3/Race
race_687,1874-7,"Noorvik",,,race_657,race_value_set_1,base.us,base.hl7v3,http://hl7.org/fhir/v3/Race
race_688,1875-4,"Nuiqsut",,,race_657,race_value_set_1,base.us,base.hl7v3,http://hl7.org/fhir/v3/Race
race_689,1876-2,"Point Hope",,,race_657,race_value_set_1,base.us,base.hl7v3,http://hl7.org/fhir/v3/Race
race_690,1877-0,"Point Lay",,,race_657,race_value_set_1,base.us,base.hl7v3,http://hl7.org/fhir/v3/Race
race_691,1878-8,"Selawik",,,race_657,race_value_set_1,base.us,base.hl7v3,http://hl7.org/fhir/v3/Race
race_692,1879-6,"Shaktoolik",,,race_657,race_value_set_1,base.us,base.hl7v3,http://hl7.org/fhir/v3/Race
race_693,1880-4,"Shishmaref",,,race_657,race_value_set_1,base.us,base.hl7v3,http://hl7.org/fhir/v3/Race
race_694,1881-2,"Shungnak",,,race_657,race_value_set_1,base.us,base.hl7v3,http://hl7.org/fhir/v3/Race
race_695,1882-0,"Solomon",,,race_657,race_value_set_1,base.us,base.hl7v3,http://hl7.org/fhir/v3/Race
race_696,1883-8,"Teller",,,race_657,race_value_set_1,base.us,base.hl7v3,http://hl7.org/fhir/v3/Race
race_697,1884-6,"Unalakleet",,,race_657,race_value_set_1,base.us,base.hl7v3,http://hl7.org/fhir/v3/Race
race_698,1885-3,"Wainwright",,,race_657,race_value_set_1,base.us,base.hl7v3,http://hl7.org/fhir/v3/Race
race_699,1886-1,"Wales",,,race_657,race_value_set_1,base.us,base.hl7v3,http://hl7.org/fhir/v3/Race
race_700,1887-9,"White Mountain",,,race_657,race_value_set_1,base.us,base.hl7v3,http://hl7.org/fhir/v3/Race
race_701,1888-7,"White Mountain Inupiat",,,race_657,race_value_set_1,base.us,base.hl7v3,http://hl7.org/fhir/v3/Race
race_702,1889-5,"Mary's Igloo",,,race_657,race_value_set_1,base.us,base.hl7v3,http://hl7.org/fhir/v3/Race
race_703,1891-1,"Siberian Eskimo",,,race_655,race_value_set_1,base.us,base.hl7v3,http://hl7.org/fhir/v3/Race
race_704,1892-9,"Gambell",,,race_703,race_value_set_1,base.us,base.hl7v3,http://hl7.org/fhir/v3/Race
race_705,1893-7,"Savoonga",,,race_703,race_value_set_1,base.us,base.hl7v3,http://hl7.org/fhir/v3/Race
race_706,1894-5,"Siberian Yupik",,,race_703,race_value_set_1,base.us,base.hl7v3,http://hl7.org/fhir/v3/Race
race_707,1896-0,"Yupik Eskimo",,,race_655,race_value_set_1,base.us,base.hl7v3,http://hl7.org/fhir/v3/Race
race_708,1897-8,"Akiachak",,,race_707,race_value_set_1,base.us,base.hl7v3,http://hl7.org/fhir/v3/Race
race_709,1898-6,"Akiak",,,race_707,race_value_set_1,base.us,base.hl7v3,http://hl7.org/fhir/v3/Race
race_710,1899-4,"Alakanuk",,,race_707,race_value_set_1,base.us,base.hl7v3,http://hl7.org/fhir/v3/Race
race_711,1900-0,"Aleknagik",,,race_707,race_value_set_1,base.us,base.hl7v3,http://hl7.org/fhir/v3/Race
race_712,1901-8,"Andreafsky",,,race_707,race_value_set_1,base.us,base.hl7v3,http://hl7.org/fhir/v3/Race
race_713,1902-6,"Aniak",,,race_707,race_value_set_1,base.us,base.hl7v3,http://hl7.org/fhir/v3/Race
race_714,1903-4,"Atmautluak",,,race_707,race_value_set_1,base.us,base.hl7v3,http://hl7.org/fhir/v3/Race
race_715,1904-2,"Bethel",,,race_707,race_value_set_1,base.us,base.hl7v3,http://hl7.org/fhir/v3/Race
race_716,1905-9,"Bill Moore's Slough",,,race_707,race_value_set_1,base.us,base.hl7v3,http://hl7.org/fhir/v3/Race
race_717,1906-7,"Bristol Bay Yupik",,,race_707,race_value_set_1,base.us,base.hl7v3,http://hl7.org/fhir/v3/Race
race_718,1907-5,"Calista Yupik",,,race_707,race_value_set_1,base.us,base.hl7v3,http://hl7.org/fhir/v3/Race
race_719,1908-3,"Chefornak",,,race_707,race_value_set_1,base.us,base.hl7v3,http://hl7.org/fhir/v3/Race
race_720,1909-1,"Chevak",,,race_707,race_value_set_1,base.us,base.hl7v3,http://hl7.org/fhir/v3/Race
race_721,1910-9,"Chuathbaluk",,,race_707,race_value_set_1,base.us,base.hl7v3,http://hl7.org/fhir/v3/Race
race_722,1911-7,"Clark's Point",,,race_707,race_value_set_1,base.us,base.hl7v3,http://hl7.org/fhir/v3/Race
race_723,1912-5,"Crooked Creek",,,race_707,race_value_set_1,base.us,base.hl7v3,http://hl7.org/fhir/v3/Race
race_724,1913-3,"Dillingham",,,race_707,race_value_set_1,base.us,base.hl7v3,http://hl7.org/fhir/v3/Race
race_725,1914-1,"Eek",,,race_707,race_value_set_1,base.us,base.hl7v3,http://hl7.org/fhir/v3/Race
race_726,1915-8,"Ekuk",,,race_707,race_value_set_1,base.us,base.hl7v3,http://hl7.org/fhir/v3/Race
race_727,1916-6,"Ekwok",,,race_707,race_value_set_1,base.us,base.hl7v3,http://hl7.org/fhir/v3/Race
race_728,1917-4,"Emmonak",,,race_707,race_value_set_1,base.us,base.hl7v3,http://hl7.org/fhir/v3/Race
race_729,1918-2,"Goodnews Bay",,,race_707,race_value_set_1,base.us,base.hl7v3,http://hl7.org/fhir/v3/Race
race_730,1919-0,"Hooper Bay",,,race_707,race_value_set_1,base.us,base.hl7v3,http://hl7.org/fhir/v3/Race
race_731,1920-8,"Iqurmuit (Russian Mission)",,,race_707,race_value_set_1,base.us,base.hl7v3,http://hl7.org/fhir/v3/Race
race_732,1921-6,"Kalskag",,,race_707,race_value_set_1,base.us,base.hl7v3,http://hl7.org/fhir/v3/Race
race_733,1922-4,"Kasigluk",,,race_707,race_value_set_1,base.us,base.hl7v3,http://hl7.org/fhir/v3/Race
race_734,1923-2,"Kipnuk",,,race_707,race_value_set_1,base.us,base.hl7v3,http://hl7.org/fhir/v3/Race
race_735,1924-0,"Koliganek",,,race_707,race_value_set_1,base.us,base.hl7v3,http://hl7.org/fhir/v3/Race
race_736,1925-7,"Kongiganak",,,race_707,race_value_set_1,base.us,base.hl7v3,http://hl7.org/fhir/v3/Race
race_737,1926-5,"Kotlik",,,race_707,race_value_set_1,base.us,base.hl7v3,http://hl7.org/fhir/v3/Race
race_738,1927-3,"Kwethluk",,,race_707,race_value_set_1,base.us,base.hl7v3,http://hl7.org/fhir/v3/Race
race_739,1928-1,"Kwigillingok",,,race_707,race_value_set_1,base.us,base.hl7v3,http://hl7.org/fhir/v3/Race
race_740,1929-9,"Levelock",,,race_707,race_value_set_1,base.us,base.hl7v3,http://hl7.org/fhir/v3/Race
race_741,1930-7,"Lower Kalskag",,,race_707,race_value_set_1,base.us,base.hl7v3,http://hl7.org/fhir/v3/Race
race_742,1931-5,"Manokotak",,,race_707,race_value_set_1,base.us,base.hl7v3,http://hl7.org/fhir/v3/Race
race_743,1932-3,"Marshall",,,race_707,race_value_set_1,base.us,base.hl7v3,http://hl7.org/fhir/v3/Race
race_744,1933-1,"Mekoryuk",,,race_707,race_value_set_1,base.us,base.hl7v3,http://hl7.org/fhir/v3/Race
race_745,1934-9,"Mountain Village",,,race_707,race_value_set_1,base.us,base.hl7v3,http://hl7.org/fhir/v3/Race
race_746,1935-6,"Naknek",,,race_707,race_value_set_1,base.us,base.hl7v3,http://hl7.org/fhir/v3/Race
race_747,1936-4,"Napaumute",,,race_707,race_value_set_1,base.us,base.hl7v3,http://hl7.org/fhir/v3/Race
race_748,1937-2,"Napakiak",,,race_707,race_value_set_1,base.us,base.hl7v3,http://hl7.org/fhir/v3/Race
race_749,1938-0,"Napaskiak",,,race_707,race_value_set_1,base.us,base.hl7v3,http://hl7.org/fhir/v3/Race
race_750,1939-8,"Newhalen",,,race_707,race_value_set_1,base.us,base.hl7v3,http://hl7.org/fhir/v3/Race
race_751,1940-6,"New Stuyahok",,,race_707,race_value_set_1,base.us,base.hl7v3,http://hl7.org/fhir/v3/Race
race_752,1941-4,"Newtok",,,race_707,race_value_set_1,base.us,base.hl7v3,http://hl7.org/fhir/v3/Race
race_753,1942-2,"Nightmute",,,race_707,race_value_set_1,base.us,base.hl7v3,http://hl7.org/fhir/v3/Race
race_754,1943-0,"Nunapitchukv",,,race_707,race_value_set_1,base.us,base.hl7v3,http://hl7.org/fhir/v3/Race
race_755,1944-8,"Oscarville",,,race_707,race_value_set_1,base.us,base.hl7v3,http://hl7.org/fhir/v3/Race
race_756,1945-5,"Pilot Station",,,race_707,race_value_set_1,base.us,base.hl7v3,http://hl7.org/fhir/v3/Race
race_757,1946-3,"Pitkas Point",,,race_707,race_value_set_1,base.us,base.hl7v3,http://hl7.org/fhir/v3/Race
race_758,1947-1,"Platinum",,,race_707,race_value_set_1,base.us,base.hl7v3,http://hl7.org/fhir/v3/Race
race_759,1948-9,"Portage Creek",,,race_707,race_value_set_1,base.us,base.hl7v3,http://hl7.org/fhir/v3/Race
race_760,1949-7,"Quinhagak",,,race_707,race_value_set_1,base.us,base.hl7v3,http://hl7.org/fhir/v3/Race
race_761,1950-5,"Red Devil",,,race_707,race_value_set_1,base.us,base.hl7v3,http://hl7.org/fhir/v3/Race
race_762,1951-3,"St. Michael",,,race_707,race_value_set_1,base.us,base.hl7v3,http://hl7.org/fhir/v3/Race
race_763,1952-1,"Scammon Bay",,,race_707,race_value_set_1,base.us,base.hl7v3,http://hl7.org/fhir/v3/Race
race_764,1953-9,"Sheldon's Point",,,race_707,race_value_set_1,base.us,base.hl7v3,http://hl7.org/fhir/v3/Race
race_765,1954-7,"Sleetmute",,,race_707,race_value_set_1,base.us,base.hl7v3,http://hl7.org/fhir/v3/Race
race_766,1955-4,"Stebbins",,,race_707,race_value_set_1,base.us,base.hl7v3,http://hl7.org/fhir/v3/Race
race_767,1956-2,"Togiak",,,race_707,race_value_set_1,base.us,base.hl7v3,http://hl7.org/fhir/v3/Race
race_768,1957-0,"Toksook",,,race_707,race_value_set_1,base.us,base.hl7v3,http://hl7.org/fhir/v3/Race
race_769,1958-8,"Tulukskak",,,race_707,race_value_set_1,base.us,base.hl7v3,http://hl7.org/fhir/v3/Race
race_770,1959-6,"Tuntutuliak",,,race_707,race_value_set_1,base.us,base.hl7v3,http://hl7.org/fhir/v3/Race
race_771,1960-4,"Tununak",,,race_707,race_value_set_1,base.us,base.hl7v3,http://hl7.org/fhir/v3/Race
race_772,1961-2,"Twin Hills",,,race_707,race_value_set_1,base.us,base.hl7v3,http://hl7.org/fhir/v3/Race
race_773,1962-0,"Georgetown",,,race_707,race_value_set_1,base.us,base.hl7v3,http://hl7.org/fhir/v3/Race
race_774,1963-8,"St. Mary's",,,race_707,race_value_set_1,base.us,base.hl7v3,http://hl7.org/fhir/v3/Race
race_775,1964-6,"Umkumiate",,,race_707,race_value_set_1,base.us,base.hl7v3,http://hl7.org/fhir/v3/Race
race_776,1966-1,"Aleut",,,race_2,race_value_set_1,base.us,base.hl7v3,http://hl7.org/fhir/v3/Race
race_777,1968-7,"Alutiiq Aleut",,,race_776,race_value_set_1,base.us,base.hl7v3,http://hl7.org/fhir/v3/Race
race_778,1969-5,"Tatitlek",,,race_777,race_value_set_1,base.us,base.hl7v3,http://hl7.org/fhir/v3/Race
race_779,1970-3,"Ugashik",,,race_777,race_value_set_1,base.us,base.hl7v3,http://hl7.org/fhir/v3/Race
race_780,1972-9,"Bristol Bay Aleut",,,race_776,race_value_set_1,base.us,base.hl7v3,http://hl7.org/fhir/v3/Race
race_781,1973-7,"Chignik",,,race_780,race_value_set_1,base.us,base.hl7v3,http://hl7.org/fhir/v3/Race
race_782,1974-5,"Chignik Lake",,,race_780,race_value_set_1,base.us,base.hl7v3,http://hl7.org/fhir/v3/Race
race_783,1975-2,"Egegik",,,race_780,race_value_set_1,base.us,base.hl7v3,http://hl7.org/fhir/v3/Race
race_784,1976-0,"Igiugig",,,race_780,race_value_set_1,base.us,base.hl7v3,http://hl7.org/fhir/v3/Race
race_785,1977-8,"Ivanof Bay",,,race_780,race_value_set_1,base.us,base.hl7v3,http://hl7.org/fhir/v3/Race
race_786,1978-6,"King Salmon",,,race_780,race_value_set_1,base.us,base.hl7v3,http://hl7.org/fhir/v3/Race
race_787,1979-4,"Kokhanok",,,race_780,race_value_set_1,base.us,base.hl7v3,http://hl7.org/fhir/v3/Race
race_788,1980-2,"Perryville",,,race_780,race_value_set_1,base.us,base.hl7v3,http://hl7.org/fhir/v3/Race
race_789,1981-0,"Pilot Point",,,race_780,race_value_set_1,base.us,base.hl7v3,http://hl7.org/fhir/v3/Race
race_790,1982-8,"Port Heiden",,,race_780,race_value_set_1,base.us,base.hl7v3,http://hl7.org/fhir/v3/Race
race_791,1984-4,"Chugach Aleut",,,race_776,race_value_set_1,base.us,base.hl7v3,http://hl7.org/fhir/v3/Race
race_792,1985-1,"Chenega",,,race_791,race_value_set_1,base.us,base.hl7v3,http://hl7.org/fhir/v3/Race
race_793,1986-9,"Chugach Corporation",,,race_791,race_value_set_1,base.us,base.hl7v3,http://hl7.org/fhir/v3/Race
race_794,1987-7,"English Bay",,,race_791,race_value_set_1,base.us,base.hl7v3,http://hl7.org/fhir/v3/Race
race_795,1988-5,"Port Graham",,,race_791,race_value_set_1,base.us,base.hl7v3,http://hl7.org/fhir/v3/Race
race_796,1990-1,"Eyak",,,race_776,race_value_set_1,base.us,base.hl7v3,http://hl7.org/fhir/v3/Race
race_797,1992-7,"Koniag Aleut",,,race_776,race_value_set_1,base.us,base.hl7v3,http://hl7.org/fhir/v3/Race
race_798,1993-5,"Akhiok",,,race_797,race_value_set_1,base.us,base.hl7v3,http://hl7.org/fhir/v3/Race
race_799,1994-3,"Agdaagux",,,race_797,race_value_set_1,base.us,base.hl7v3,http://hl7.org/fhir/v3/Race
race_800,1995-0,"Karluk",,,race_797,race_value_set_1,base.us,base.hl7v3,http://hl7.org/fhir/v3/Race
race_801,1996-8,"Kodiak",,,race_797,race_value_set_1,base.us,base.hl7v3,http://hl7.org/fhir/v3/Race
race_802,1997-6,"Larsen Bay",,,race_797,race_value_set_1,base.us,base.hl7v3,http://hl7.org/fhir/v3/Race
race_803,1998-4,"Old Harbor",,,race_797,race_value_set_1,base.us,base.hl7v3,http://hl7.org/fhir/v3/Race
race_804,1999-2,"Ouzinkie",,,race_797,race_value_set_1,base.us,base.hl7v3,http://hl7.org/fhir/v3/Race
race_805,2000-8,"Port Lions",,,race_797,race_value_set_1,base.us,base.hl7v3,http://hl7.org/fhir/v3/Race
race_806,2002-4,"Sugpiaq",,,race_776,race_value_set_1,base.us,base.hl7v3,http://hl7.org/fhir/v3/Race
race_807,2004-0,"Suqpigaq",,,race_776,race_value_set_1,base.us,base.hl7v3,http://hl7.org/fhir/v3/Race
race_808,2006-5,"Unangan Aleut",,,race_776,race_value_set_1,base.us,base.hl7v3,http://hl7.org/fhir/v3/Race
race_809,2007-3,"Akutan",,,race_808,race_value_set_1,base.us,base.hl7v3,http://hl7.org/fhir/v3/Race
race_810,2008-1,"Aleut Corporation",,,race_808,race_value_set_1,base.us,base.hl7v3,http://hl7.org/fhir/v3/Race
race_811,2009-9,"Aleutian",,,race_808,race_value_set_1,base.us,base.hl7v3,http://hl7.org/fhir/v3/Race
race_812,2010-7,"Aleutian Islander",,,race_808,race_value_set_1,base.us,base.hl7v3,http://hl7.org/fhir/v3/Race
race_813,2011-5,"Atka",,,race_808,race_value_set_1,base.us,base.hl7v3,http://hl7.org/fhir/v3/Race
race_814,2012-3,"Belkofski",,,race_808,race_value_set_1,base.us,base.hl7v3,http://hl7.org/fhir/v3/Race
race_815,2013-1,"Chignik Lagoon",,,race_808,race_value_set_1,base.us,base.hl7v3,http://hl7.org/fhir/v3/Race
race_816,2014-9,"King Cove",,,race_808,race_value_set_1,base.us,base.hl7v3,http://hl7.org/fhir/v3/Race
race_817,2015-6,"False Pass",,,race_808,race_value_set_1,base.us,base.hl7v3,http://hl7.org/fhir/v3/Race
race_818,2016-4,"Nelson Lagoon",,,race_808,race_value_set_1,base.us,base.hl7v3,http://hl7.org/fhir/v3/Race
race_819,2017-2,"Nikolski",,,race_808,race_value_set_1,base.us,base.hl7v3,http://hl7.org/fhir/v3/Race
race_820,2018-0,"Pauloff Harbor",,,race_808,race_value_set_1,base.us,base.hl7v3,http://hl7.org/fhir/v3/Race
race_821,2019-8,"Qagan Toyagungin",,,race_808,race_value_set_1,base.us,base.hl7v3,http://hl7.org/fhir/v3/Race
race_822,2020-6,"Qawalangin",,,race_808,race_value_set_1,base.us,base.hl7v3,http://hl7.org/fhir/v3/Race
race_823,2021-4,"St. George",,,race_808,race_value_set_1,base.us,base.hl7v3,http://hl7.org/fhir/v3/Race
race_824,2022-2,"St. Paul",,,race_808,race_value_set_1,base.us,base.hl7v3,http://hl7.org/fhir/v3/Race
race_825,2023-0,"Sand Point",,,race_808,race_value_set_1,base.us,base.hl7v3,http://hl7.org/fhir/v3/Race
race_826,2024-8,"South Naknek",,,race_808,race_value_set_1,base.us,base.hl7v3,http://hl7.org/fhir/v3/Race
race_827,2025-5,"Unalaska",,,race_808,race_value_set_1,base.us,base.hl7v3,http://hl7.org/fhir/v3/Race
race_828,2026-3,"Unga",,,race_808,race_value_set_1,base.us,base.hl7v3,http://hl7.org/fhir/v3/Race
race_829,2028-9,"Asian",,,,race_value_set_829,base.us,base.hl7v3,http://hl7.org/fhir/v3/Race
race_830,2029-7,"Asian Indian",,,race_829,race_value_set_829,base.us,base.hl7v3,http://hl7.org/fhir/v3/Race
race_831,2030-5,"Bangladeshi",,,race_829,race_value_set_829,base.us,base.hl7v3,http://hl7.org/fhir/v3/Race
race_832,2031-3,"Bhutanese",,,race_829,race_value_set_829,base.us,base.hl7v3,http://hl7.org/fhir/v3/Race
race_833,2032-1,"Burmese",,,race_829,race_value_set_829,base.us,base.hl7v3,http://hl7.org/fhir/v3/Race
race_834,2033-9,"Cambodian",,,race_829,race_value_set_829,base.us,base.hl7v3,http://hl7.org/fhir/v3/Race
race_835,2034-7,"Chinese",,,race_829,race_value_set_829,base.us,base.hl7v3,http://hl7.org/fhir/v3/Race
race_836,2035-4,"Taiwanese",,,race_829,race_value_set_829,base.us,base.hl7v3,http://hl7.org/fhir/v3/Race
race_837,2036-2,"Filipino",,,race_829,race_value_set_829,base.us,base.hl7v3,http://hl7.org/fhir/v3/Race
race_838,2037-0,"Hmong",,,race_829,race_value_set_829,base.us,base.hl7v3,http://hl7.org/fhir/v3/Race
race_839,2038-8,"Indonesian",,,race_829,race_value_set_829,base.us,base.hl7v3,http://hl7.org/fhir/v3/Race
race_840,2039-6,"Japanese",,,race_829,race_value_set_829,base.us,base.hl7v3,http://hl7.org/fhir/v3/Race
race_841,2040-4,"Korean",,,race_829,race_value_set_829,base.us,base.hl7v3,http://hl7.org/fhir/v3/Race
race_842,2041-2,"Laotian",,,race_829,race_value_set_829,base.us,base.hl7v3,http://hl7.org/fhir/v3/Race
race_843,2042-0,"Malaysian",,,race_829,race_value_set_829,base.us,base.hl7v3,http://hl7.org/fhir/v3/Race
race_844,2043-8,"Okinawan",,,race_829,race_value_set_829,base.us,base.hl7v3,http://hl7.org/fhir/v3/Race
race_845,2044-6,"Pakistani",,,race_829,race_value_set_829,base.us,base.hl7v3,http://hl7.org/fhir/v3/Race
race_846,2045-3,"Sri Lankan",,,race_829,race_value_set_829,base.us,base.hl7v3,http://hl7.org/fhir/v3/Race
race_847,2046-1,"Thai",,,race_829,race_value_set_829,base.us,base.hl7v3,http://hl7.org/fhir/v3/Race
race_848,2047-9,"Vietnamese",,,race_829,race_value_set_829,base.us,base.hl7v3,http://hl7.org/fhir/v3/Race
race_849,2048-7,"Iwo Jiman",,,race_829,race_value_set_829,base.us,base.hl7v3,http://hl7.org/fhir/v3/Race
race_850,2049-5,"Maldivian",,,race_829,race_value_set_829,base.us,base.hl7v3,http://hl7.org/fhir/v3/Race
race_851,2050-3,"Nepalese",,,race_829,race_value_set_829,base.us,base.hl7v3,http://hl7.org/fhir/v3/Race
race_852,2051-1,"Singaporean",,,race_829,race_value_set_829,base.us,base.hl7v3,http://hl7.org/fhir/v3/Race
race_853,2052-9,"Madagascar",,,race_829,race_value_set_829,base.us,base.hl7v3,http://hl7.org/fhir/v3/Race
race_854,2054-5,"Black or African American",,,,race_value_set_854,base.us,base.hl7v3,http://hl7.org/fhir/v3/Race
race_855,2056-0,"Black",,,race_854,race_value_set_854,base.us,base.hl7v3,http://hl7.org/fhir/v3/Race
race_856,2058-6,"African American",,,race_854,race_value_set_854,base.us,base.hl7v3,http://hl7.org/fhir/v3/Race
race_857,2060-2,"African",,,race_854,race_value_set_854,base.us,base.hl7v3,http://hl7.org/fhir/v3/Race
race_858,2061-0,"Botswanan",,,race_857,race_value_set_854,base.us,base.hl7v3,http://hl7.org/fhir/v3/Race
race_859,2062-8,"Ethiopian",,,race_857,race_value_set_854,base.us,base.hl7v3,http://hl7.org/fhir/v3/Race
race_860,2063-6,"Liberian",,,race_857,race_value_set_854,base.us,base.hl7v3,http://hl7.org/fhir/v3/Race
race_861,2064-4,"Namibian",,,race_857,race_value_set_854,base.us,base.hl7v3,http://hl7.org/fhir/v3/Race
race_862,2065-1,"Nigerian",,,race_857,race_value_set_854,base.us,base.hl7v3,http://hl7.org/fhir/v3/Race
race_863,2066-9,"Zairean",,,race_857,race_value_set_854,base.us,base.hl7v3,http://hl7.org/fhir/v3/Race
race_864,2067-7,"Bahamian",,,race_854,race_value_set_854,base.us,base.hl7v3,http://hl7.org/fhir/v3/Race
race_865,2068-5,"Barbadian",,,race_854,race_value_set_854,base.us,base.hl7v3,http://hl7.org/fhir/v3/Race
race_866,2069-3,"Dominican",,,race_854,race_value_set_854,base.us,base.hl7v3,http://hl7.org/fhir/v3/Race
race_867,2070-1,"Dominica Islander",,,race_854,race_value_set_854,base.us,base.hl7v3,http://hl7.org/fhir/v3/Race
race_868,2071-9,"Haitian",,,race_854,race_value_set_854,base.us,base.hl7v3,http://hl7.org/fhir/v3/Race
race_869,2072-7,"Jamaican",,,race_854,race_value_set_854,base.us,base.hl7v3,http://hl7.org/fhir/v3/Race
race_870,2073-5,"Tobagoan",,,race_854,race_value_set_854,base.us,base.hl7v3,http://hl7.org/fhir/v3/Race
race_871,2074-3,"Trinidadian",,,race_854,race_value_set_854,base.us,base.hl7v3,http://hl7.org/fhir/v3/Race
race_872,2075-0,"West Indian",,,race_854,race_value_set_854,base.us,base.hl7v3,http://hl7.org/fhir/v3/Race
race_873,2076-8,"Native Hawaiian or Other Pacific Islander",,,,race_value_set_873,base.us,base.hl7v3,http://hl7.org/fhir/v3/Race
race_874,2078-4,"Polynesian",,,race_873,race_value_set_873,base.us,base.hl7v3,http://hl7.org/fhir/v3/Race
race_875,2079-2,"Native Hawaiian",,,race_874,race_value_set_873,base.us,base.hl7v3,http://hl7.org/fhir/v3/Race
race_876,2080-0,"Samoan",,,race_874,race_value_set_873,base.us,base.hl7v3,http://hl7.org/fhir/v3/Race
race_877,2081-8,"Tahitian",,,race_874,race_value_set_873,base.us,base.hl7v3,http://hl7.org/fhir/v3/Race
race_878,2082-6,"Tongan",,,race_874,race_value_set_873,base.us,base.hl7v3,http://hl7.org/fhir/v3/Race
race_879,2083-4,"Tokelauan",,,race_874,race_value_set_873,base.us,base.hl7v3,http://hl7.org/fhir/v3/Race
race_880,2085-9,"Micronesian",,,race_873,race_value_set_873,base.us,base.hl7v3,http://hl7.org/fhir/v3/Race
race_881,2086-7,"Guamanian or Chamorro",,,race_880,race_value_set_873,base.us,base.hl7v3,http://hl7.org/fhir/v3/Race
race_882,2087-5,"Guamanian",,,race_880,race_value_set_873,base.us,base.hl7v3,http://hl7.org/fhir/v3/Race
race_883,2088-3,"Chamorro",,,race_880,race_value_set_873,base.us,base.hl7v3,http://hl7.org/fhir/v3/Race
race_884,2089-1,"Mariana Islander",,,race_880,race_value_set_873,base.us,base.hl7v3,http://hl7.org/fhir/v3/Race
race_885,2090-9,"Marshallese",,,race_880,race_value_set_873,base.us,base.hl7v3,http://hl7.org/fhir/v3/Race
race_886,2091-7,"Palauan",,,race_880,race_value_set_873,base.us,base.hl7v3,http://hl7.org/fhir/v3/Race
race_887,2092-5,"Carolinian",,,race_880,race_value_set_873,base.us,base.hl7v3,http://hl7.org/fhir/v3/Race
race_888,2093-3,"Kosraean",,,race_880,race_value_set_873,base.us,base.hl7v3,http://hl7.org/fhir/v3/Race
race_889,2094-1,"Pohnpeian",,,race_880,race_value_set_873,base.us,base.hl7v3,http://hl7.org/fhir/v3/Race
race_890,2095-8,"Saipanese",,,race_880,race_value_set_873,base.us,base.hl7v3,http://hl7.org/fhir/v3/Race
race_891,2096-6,"Kiribati",,,race_880,race_value_set_873,base.us,base.hl7v3,http://hl7.org/fhir/v3/Race
race_892,2097-4,"Chuukese",,,race_880,race_value_set_873,base.us,base.hl7v3,http://hl7.org/fhir/v3/Race
race_893,2098-2,"Yapese",,,race_880,race_value_set_873,base.us,base.hl7v3,http://hl7.org/fhir/v3/Race
race_894,2100-6,"Melanesian",,,race_873,race_value_set_873,base.us,base.hl7v3,http://hl7.org/fhir/v3/Race
race_895,2101-4,"Fijian",,,race_894,race_value_set_873,base.us,base.hl7v3,http://hl7.org/fhir/v3/Race
race_896,2102-2,"Papua New Guinean",,,race_894,race_value_set_873,base.us,base.hl7v3,http://hl7.org/fhir/v3/Race
race_897,2103-0,"Solomon Islander",,,race_894,race_value_set_873,base.us,base.hl7v3,http://hl7.org/fhir/v3/Race
race_898,2104-8,"New Hebrides",,,race_894,race_value_set_873,base.us,base.hl7v3,http://hl7.org/fhir/v3/Race
race_899,2500-7,"Other Pacific Islander","Note that this term remains in the table for completeness, even though within HL7, the notion of Other code is deprecated.",,race_873,race_value_set_873,base.us,base.hl7v3,http://hl7.org/fhir/v3/Race
race_900,2106-3,"White",,,,race_value_set_900,base.us,base.hl7v3,http://hl7.org/fhir/v3/Race
race_901,2108-9,"European",,,race_900,race_value_set_900,base.us,base.hl7v3,http://hl7.org/fhir/v3/Race
race_902,2109-7,"Armenian",,,race_901,race_value_set_900,base.us,base.hl7v3,http://hl7.org/fhir/v3/Race
race_903,2110-5,"English",,,race_901,race_value_set_900,base.us,base.hl7v3,http://hl7.org/fhir/v3/Race
race_904,2111-3,"French",,,race_901,race_value_set_900,base.us,base.hl7v3,http://hl7.org/fhir/v3/Race
race_905,2112-1,"German",,,race_901,race_value_set_900,base.us,base.hl7v3,http://hl7.org/fhir/v3/Race
race_906,2113-9,"Irish",,,race_901,race_value_set_900,base.us,base.hl7v3,http://hl7.org/fhir/v3/Race
race_907,2114-7,"Italian",,,race_901,race_value_set_900,base.us,base.hl7v3,http://hl7.org/fhir/v3/Race
race_908,2115-4,"Polish",,,race_901,race_value_set_900,base.us,base.hl7v3,http://hl7.org/fhir/v3/Race
race_909,2116-2,"Scottish",,,race_901,race_value_set_900,base.us,base.hl7v3,http://hl7.org/fhir/v3/Race
race_910,2118-8,"Middle Eastern or North African",,,race_900,race_value_set_900,base.us,base.hl7v3,http://hl7.org/fhir/v3/Race
race_911,2119-6,"Assyrian",,,race_910,race_value_set_900,base.us,base.hl7v3,http://hl7.org/fhir/v3/Race
race_912,2120-4,"Egyptian",,,race_910,race_value_set_900,base.us,base.hl7v3,http://hl7.org/fhir/v3/Race
race_913,2121-2,"Iranian",,,race_910,race_value_set_900,base.us,base.hl7v3,http://hl7.org/fhir/v3/Race
race_914,2122-0,"Iraqi",,,race_910,race_value_set_900,base.us,base.hl7v3,http://hl7.org/fhir/v3/Race
race_915,2123-8,"Lebanese",,,race_910,race_value_set_900,base.us,base.hl7v3,http://hl7.org/fhir/v3/Race
race_916,2124-6,"Palestinian",,,race_910,race_value_set_900,base.us,base.hl7v3,http://hl7.org/fhir/v3/Race
race_917,2125-3,"Syrian",,,race_910,race_value_set_900,base.us,base.hl7v3,http://hl7.org/fhir/v3/Race
race_918,2126-1,"Afghanistani",,,race_910,race_value_set_900,base.us,base.hl7v3,http://hl7.org/fhir/v3/Race
race_919,2127-9,"Israeili",,,race_910,race_value_set_900,base.us,base.hl7v3,http://hl7.org/fhir/v3/Race
race_920,2129-5,"Arab",,,race_900,race_value_set_900,base.us,base.hl7v3,http://hl7.org/fhir/v3/Race
race_921,2131-1,"Other Race","Note that this term remains in the table for completeness, even though within HL7, the notion of Other code is deprecated.",,,race_value_set_921,base.us,base.hl7v3,http://hl7.org/fhir/v3/Race
